time,Think_1,Think_2,Think_3,Think_4,Think_5,Hungry_1,Hungry_2,Hungry_3,Hungry_4,Hungry_5,Eat_1,Eat_2,Eat_3,Eat_4,Eat_5,Fork_1,Fork_2,Fork_3,Fork_4,Fork_5,Arbiter
0.0,1.0,1.0,1.0,1.0,1.0,0.0,0.0,0.0,0.0,0.0,0.0,0.0,0.0,0.0,0.0,1.0,1.0,1.0,1.0,1.0,4.0
0.25,0.9997741273711686,0.9997741273711686,0.9997741273711686,0.9997741273711686,0.9997741273711686,0.00022587262883144984,0.00022587262883144984,0.00022587262883144984,0.00022587262883144984,0.00022587262883144984,0.0,0.0,0.0,0.0,0.0,0.9997741273711686,0.9997741273711686,0.9997741273711686,0.9997741273711686,0.9997741273711686,3.998870636855843
0.5,0.9997741273711686,0.9997741273711686,0.9997741273711686,0.9997741273711686,0.9997741273711686,0.00022587262883144984,0.00022587262883144984,0.00022587262883144984,0.00022587262883144984,0.00022587262883144984,0.0,0.0,0.0,0.0,0.0,0.9997741273711686,0.9997741273711686,0.9997741273711686,0.9997741273711686,0.9997741273711686,3.998870636855843
0.75,0.9997741273711686,0.9997741273711686,0.9997741273711686,0.9997741273711686,0.9997741273711686,0.00022587262883144984,0.00022587262883144984,0.00022587262883144984,0.00022587262883144984,0.00022587262883144984,0.0,0.0,0.0,0.0,0.0,0.9997741273711686,0.9997741273711686,0.9997741273711686,0.9997741273711686,0.9997741273711686,3.998870636855843
1.0,0.9997741273711686,0.9997741273711686,0.9997741273711686,0.9997741273711686,0.9997741273711686,0.00022587262883144984,0.00022587262883144984,0.00022587262883144984,0.00022587262883144984,0.00022587262883144984,0.0,0.0,0.0,0.0,0.0,0.9997741273711686,0.9997741273711686,0.9997741273711686,0.9997741273711686,0.9997741273711686,3.998870636855843
1.25,0.9997741273711686,0.9997741273711686,0.9997741273711686,0.9997741273711686,0.9997741273711686,0.00022587262883144984,0.00022587262883144984,0.00022587262883144984,0.00022587262883144984,0.00022587262883144984,0.0,0.0,0.0,0.0,0.0,0.9997741273711686,0.9997741273711686,0.9997741273711686,0.9997741273711686,0.9997741273711686,3.998870636855843
1.5,0.9997741273711686,0.9997741273711686,0.9997741273711686,0.9997741273711686,0.9997741273711686,0.00022587262883144984,0.00022587262883144984,0.00022587262883144984,0.00022587262883144984,0.00022587262883144984,0.0,0.0,0.0,0.0,0.0,0.9997741273711686,0.9997741273711686,0.9997741273711686,0.9997741273711686,0.9997741273711686,3.998870636855843
1.75,0.9997741273711686,0.9997741273711686,0.9997741273711686,0.9997741273711686,0.9997741273711686,0.00022587262883144984,0.00022587262883144984,0.00022587262883144984,0.00022587262883144984,0.00022587262883144984,0.0,0.0,0.0,0.0,0.0,0.9997741273711686,0.9997741273711686,0.9997741273711686,0.9997741273711686,0.9997741273711686,3.998870636855843
2.0,0.9997741273711686,0.9997741273711686,0.9997741273711686,0.9997741273711686,0.9997741273711686,0.00022587262883144984,0.00022587262883144984,0.00022587262883144984,0.00022587262883144984,0.00022587262883144984,0.0,0.0,0.0,0.0,0.0,0.9997741273711686,0.9997741273711686,0.9997741273711686,0.9997741273711686,0.9997741273711686,3.998870636855843
2.25,0.9997741273711686,0.9997741273711686,0.9997741273711686,0.9997741273711686,0.9997741273711686,0.00022587262883144984,0.00022587262883144984,0.00022587262883144984,0.00022587262883144984,0.00022587262883144984,0.0,0.0,0.0,0.0,0.0,0.9997741273711686,0.9997741273711686,0.9997741273711686,0.9997741273711686,0.9997741273711686,3.998870636855843
2.5,0.9997741273711686,0.9997741273711686,0.9997741273711686,0.9997741273711686,0.9997741273711686,0.00022587262883144984,0.00022587262883144984,0.00022587262883144984,0.00022587262883144984,0.00022587262883144984,0.0,0.0,0.0,0.0,0.0,0.9997741273711686,0.9997741273711686,0.9997741273711686,0.9997741273711686,0.9997741273711686,3.998870636855843
2.75,0.9997741273711686,0.9997741273711686,0.9997741273711686,0.9997741273711686,0.9997741273711686,0.00022587262883144984,0.00022587262883144984,0.00022587262883144984,0.00022587262883144984,0.00022587262883144984,0.0,0.0,0.0,0.0,0.0,0.9997741273711686,0.9997741273711686,0.9997741273711686,0.9997741273711686,0.9997741273711686,3.998870636855843
3.0,0.9997741273711686,0.9997741273711686,0.9997741273711686,0.9997741273711686,0.9997741273711686,0.00022587262883144984,0.00022587262883144984,0.00022587262883144984,0.00022587262883144984,0.00022587262883144984,0.0,0.0,0.0,0.0,0.0,0.9997741273711686,0.9997741273711686,0.9997741273711686,0.9997741273711686,0.9997741273711686,3.998870636855843
3.25,0.9997741273711686,0.9997741273711686,0.9997741273711686,0.9997741273711686,0.9997741273711686,0.00022587262883144984,0.00022587262883144984,0.00022587262883144984,0.00022587262883144984,0.00022587262883144984,0.0,0.0,0.0,0.0,0.0,0.9997741273711686,0.9997741273711686,0.9997741273711686,0.9997741273711686,0.9997741273711686,3.998870636855843
3.5,0.9997741273711686,0.9997741273711686,0.9997741273711686,0.9997741273711686,0.9997741273711686,0.00022587262883144984,0.00022587262883144984,0.00022587262883144984,0.00022587262883144984,0.00022587262883144984,0.0,0.0,0.0,0.0,0.0,0.9997741273711686,0.9997741273711686,0.9997741273711686,0.9997741273711686,0.9997741273711686,3.998870636855843
3.75,0.9997741273711686,0.9997741273711686,0.9997741273711686,0.9997741273711686,0.9997741273711686,0.00022587262883144984,0.00022587262883144984,0.00022587262883144984,0.00022587262883144984,0.00022587262883144984,0.0,0.0,0.0,0.0,0.0,0.9997741273711686,0.9997741273711686,0.9997741273711686,0.9997741273711686,0.9997741273711686,3.998870636855843
4.0,0.9997741273711686,0.9997741273711686,0.9997741273711686,0.9997741273711686,0.9997741273711686,0.00022587262883144984,0.00022587262883144984,0.00022587262883144984,0.00022587262883144984,0.00022587262883144984,0.0,0.0,0.0,0.0,0.0,0.9997741273711686,0.9997741273711686,0.9997741273711686,0.9997741273711686,0.9997741273711686,3.998870636855843
4.25,0.9997741273711686,0.9997741273711686,0.9997741273711686,0.9997741273711686,0.9997741273711686,0.00022587262883144984,0.00022587262883144984,0.00022587262883144984,0.00022587262883144984,0.00022587262883144984,0.0,0.0,0.0,0.0,0.0,0.9997741273711686,0.9997741273711686,0.9997741273711686,0.9997741273711686,0.9997741273711686,3.998870636855843
4.5,0.9997741273711686,0.9997741273711686,0.9997741273711686,0.9997741273711686,0.9997741273711686,0.00022587262883144984,0.00022587262883144984,0.00022587262883144984,0.00022587262883144984,0.00022587262883144984,0.0,0.0,0.0,0.0,0.0,0.9997741273711686,0.9997741273711686,0.9997741273711686,0.9997741273711686,0.9997741273711686,3.998870636855843
4.75,0.9997741273711686,0.9997741273711686,0.9997741273711686,0.9997741273711686,0.9997741273711686,0.00022587262883144984,0.00022587262883144984,0.00022587262883144984,0.00022587262883144984,0.00022587262883144984,0.0,0.0,0.0,0.0,0.0,0.9997741273711686,0.9997741273711686,0.9997741273711686,0.9997741273711686,0.9997741273711686,3.998870636855843
5.0,0.9997741273711686,0.9997741273711686,0.9997741273711686,0.9997741273711686,0.9997741273711686,0.00022587262883144984,0.00022587262883144984,0.00022587262883144984,0.00022587262883144984,0.00022587262883144984,0.0,0.0,0.0,0.0,0.0,0.9997741273711686,0.9997741273711686,0.9997741273711686,0.9997741273711686,0.9997741273711686,3.998870636855843
5.25,0.9997741273711686,0.9997741273711686,0.9997741273711686,0.9997741273711686,0.9997741273711686,0.00022587262883144984,0.00022587262883144984,0.00022587262883144984,0.00022587262883144984,0.00022587262883144984,0.0,0.0,0.0,0.0,0.0,0.9997741273711686,0.9997741273711686,0.9997741273711686,0.9997741273711686,0.9997741273711686,3.998870636855843
5.5,0.9997741273711686,0.9997741273711686,0.9997741273711686,0.9997741273711686,0.9997741273711686,0.00022587262883144984,0.00022587262883144984,0.00022587262883144984,0.00022587262883144984,0.00022587262883144984,0.0,0.0,0.0,0.0,0.0,0.9997741273711686,0.9997741273711686,0.9997741273711686,0.9997741273711686,0.9997741273711686,3.998870636855843
5.75,0.9997741273711686,0.9997741273711686,0.9997741273711686,0.9997741273711686,0.9997741273711686,0.00022587262883144984,0.00022587262883144984,0.00022587262883144984,0.00022587262883144984,0.00022587262883144984,0.0,0.0,0.0,0.0,0.0,0.9997741273711686,0.9997741273711686,0.9997741273711686,0.9997741273711686,0.9997741273711686,3.998870636855843
6.0,0.9997741273711686,0.9997741273711686,0.9997741273711686,0.9997741273711686,0.9997741273711686,0.00022587262883144984,0.00022587262883144984,0.00022587262883144984,0.00022587262883144984,0.00022587262883144984,0.0,0.0,0.0,0.0,0.0,0.9997741273711686,0.9997741273711686,0.9997741273711686,0.9997741273711686,0.9997741273711686,3.998870636855843
6.25,0.9997741273711686,0.9997741273711686,0.9997741273711686,0.9997741273711686,0.9997741273711686,0.00022587262883144984,0.00022587262883144984,0.00022587262883144984,0.00022587262883144984,0.00022587262883144984,0.0,0.0,0.0,0.0,0.0,0.9997741273711686,0.9997741273711686,0.9997741273711686,0.9997741273711686,0.9997741273711686,3.998870636855843
6.5,0.9997741273711686,0.9997741273711686,0.9997741273711686,0.9997741273711686,0.9997741273711686,0.00022587262883144984,0.00022587262883144984,0.00022587262883144984,0.00022587262883144984,0.00022587262883144984,0.0,0.0,0.0,0.0,0.0,0.9997741273711686,0.9997741273711686,0.9997741273711686,0.9997741273711686,0.9997741273711686,3.998870636855843
6.75,0.9997741273711686,0.9997741273711686,0.9997741273711686,0.9997741273711686,0.9997741273711686,0.00022587262883144984,0.00022587262883144984,0.00022587262883144984,0.00022587262883144984,0.00022587262883144984,0.0,0.0,0.0,0.0,0.0,0.9997741273711686,0.9997741273711686,0.9997741273711686,0.9997741273711686,0.9997741273711686,3.998870636855843
7.0,0.9997741273711686,0.9997741273711686,0.9997741273711686,0.9997741273711686,0.9997741273711686,0.00022587262883144984,0.00022587262883144984,0.00022587262883144984,0.00022587262883144984,0.00022587262883144984,0.0,0.0,0.0,0.0,0.0,0.9997741273711686,0.9997741273711686,0.9997741273711686,0.9997741273711686,0.9997741273711686,3.998870636855843
7.25,0.9997741273711686,0.9997741273711686,0.9997741273711686,0.9997741273711686,0.9997741273711686,0.00022587262883144984,0.00022587262883144984,0.00022587262883144984,0.00022587262883144984,0.00022587262883144984,0.0,0.0,0.0,0.0,0.0,0.9997741273711686,0.9997741273711686,0.9997741273711686,0.9997741273711686,0.9997741273711686,3.998870636855843
7.5,0.9997741273711686,0.9997741273711686,0.9997741273711686,0.9997741273711686,0.9997741273711686,0.00022587262883144984,0.00022587262883144984,0.00022587262883144984,0.00022587262883144984,0.00022587262883144984,0.0,0.0,0.0,0.0,0.0,0.9997741273711686,0.9997741273711686,0.9997741273711686,0.9997741273711686,0.9997741273711686,3.998870636855843
7.75,0.9997741273711686,0.9997741273711686,0.9997741273711686,0.9997741273711686,0.9997741273711686,0.00022587262883144984,0.00022587262883144984,0.00022587262883144984,0.00022587262883144984,0.00022587262883144984,0.0,0.0,0.0,0.0,0.0,0.9997741273711686,0.9997741273711686,0.9997741273711686,0.9997741273711686,0.9997741273711686,3.998870636855843
8.0,0.9997741273711686,0.9997741273711686,0.9997741273711686,0.9997741273711686,0.9997741273711686,0.00022587262883144984,0.00022587262883144984,0.00022587262883144984,0.00022587262883144984,0.00022587262883144984,0.0,0.0,0.0,0.0,0.0,0.9997741273711686,0.9997741273711686,0.9997741273711686,0.9997741273711686,0.9997741273711686,3.998870636855843
8.25,0.9997741273711686,0.9997741273711686,0.9997741273711686,0.9997741273711686,0.9997741273711686,0.00022587262883144984,0.00022587262883144984,0.00022587262883144984,0.00022587262883144984,0.00022587262883144984,0.0,0.0,0.0,0.0,0.0,0.9997741273711686,0.9997741273711686,0.9997741273711686,0.9997741273711686,0.9997741273711686,3.998870636855843
8.5,0.9997741273711686,0.9997741273711686,0.9997741273711686,0.9997741273711686,0.9997741273711686,0.00022587262883144984,0.00022587262883144984,0.00022587262883144984,0.00022587262883144984,0.00022587262883144984,0.0,0.0,0.0,0.0,0.0,0.9997741273711686,0.9997741273711686,0.9997741273711686,0.9997741273711686,0.9997741273711686,3.998870636855843
8.75,0.9997741273711686,0.9997741273711686,0.9997741273711686,0.9997741273711686,0.9997741273711686,0.00022587262883144984,0.00022587262883144984,0.00022587262883144984,0.00022587262883144984,0.00022587262883144984,0.0,0.0,0.0,0.0,0.0,0.9997741273711686,0.9997741273711686,0.9997741273711686,0.9997741273711686,0.9997741273711686,3.998870636855843
9.0,0.9997741273711686,0.9997741273711686,0.9997741273711686,0.9997741273711686,0.9997741273711686,0.00022587262883144984,0.00022587262883144984,0.00022587262883144984,0.00022587262883144984,0.00022587262883144984,0.0,0.0,0.0,0.0,0.0,0.9997741273711686,0.9997741273711686,0.9997741273711686,0.9997741273711686,0.9997741273711686,3.998870636855843
9.25,0.9997741273711686,0.9997741273711686,0.9997741273711686,0.9997741273711686,0.9997741273711686,0.00022587262883144984,0.00022587262883144984,0.00022587262883144984,0.00022587262883144984,0.00022587262883144984,0.0,0.0,0.0,0.0,0.0,0.9997741273711686,0.9997741273711686,0.9997741273711686,0.9997741273711686,0.9997741273711686,3.998870636855843
9.5,0.9997741273711686,0.9997741273711686,0.9997741273711686,0.9997741273711686,0.9997741273711686,0.00022587262883144984,0.00022587262883144984,0.00022587262883144984,0.00022587262883144984,0.00022587262883144984,0.0,0.0,0.0,0.0,0.0,0.9997741273711686,0.9997741273711686,0.9997741273711686,0.9997741273711686,0.9997741273711686,3.998870636855843
9.75,0.9997741273711686,0.9997741273711686,0.9997741273711686,0.9997741273711686,0.9997741273711686,0.00022587262883144984,0.00022587262883144984,0.00022587262883144984,0.00022587262883144984,0.00022587262883144984,0.0,0.0,0.0,0.0,0.0,0.9997741273711686,0.9997741273711686,0.9997741273711686,0.9997741273711686,0.9997741273711686,3.998870636855843
10.0,0.9997741273711686,0.9997741273711686,0.9997741273711686,0.9997741273711686,0.9997741273711686,0.00022587262883144984,0.00022587262883144984,0.00022587262883144984,0.00022587262883144984,0.00022587262883144984,0.0,0.0,0.0,0.0,0.0,0.9997741273711686,0.9997741273711686,0.9997741273711686,0.9997741273711686,0.9997741273711686,3.998870636855843
10.25,0.9997741273711686,0.9997741273711686,0.9997741273711686,0.9997741273711686,0.9997741273711686,0.00022587262883144984,0.00022587262883144984,0.00022587262883144984,0.00022587262883144984,0.00022587262883144984,0.0,0.0,0.0,0.0,0.0,0.9997741273711686,0.9997741273711686,0.9997741273711686,0.9997741273711686,0.9997741273711686,3.998870636855843
10.5,0.9997741273711686,0.9997741273711686,0.9997741273711686,0.9997741273711686,0.9997741273711686,0.00022587262883144984,0.00022587262883144984,0.00022587262883144984,0.00022587262883144984,0.00022587262883144984,0.0,0.0,0.0,0.0,0.0,0.9997741273711686,0.9997741273711686,0.9997741273711686,0.9997741273711686,0.9997741273711686,3.998870636855843
10.75,0.9997741273711686,0.9997741273711686,0.9997741273711686,0.9997741273711686,0.9997741273711686,0.00022587262883144984,0.00022587262883144984,0.00022587262883144984,0.00022587262883144984,0.00022587262883144984,0.0,0.0,0.0,0.0,0.0,0.9997741273711686,0.9997741273711686,0.9997741273711686,0.9997741273711686,0.9997741273711686,3.998870636855843
11.0,0.9997741273711686,0.9997741273711686,0.9997741273711686,0.9997741273711686,0.9997741273711686,0.00022587262883144984,0.00022587262883144984,0.00022587262883144984,0.00022587262883144984,0.00022587262883144984,0.0,0.0,0.0,0.0,0.0,0.9997741273711686,0.9997741273711686,0.9997741273711686,0.9997741273711686,0.9997741273711686,3.998870636855843
11.25,0.9997741273711686,0.9997741273711686,0.9997741273711686,0.9997741273711686,0.9997741273711686,0.00022587262883144984,0.00022587262883144984,0.00022587262883144984,0.00022587262883144984,0.00022587262883144984,0.0,0.0,0.0,0.0,0.0,0.9997741273711686,0.9997741273711686,0.9997741273711686,0.9997741273711686,0.9997741273711686,3.998870636855843
11.5,0.9997741273711686,0.9997741273711686,0.9997741273711686,0.9997741273711686,0.9997741273711686,0.00022587262883144984,0.00022587262883144984,0.00022587262883144984,0.00022587262883144984,0.00022587262883144984,0.0,0.0,0.0,0.0,0.0,0.9997741273711686,0.9997741273711686,0.9997741273711686,0.9997741273711686,0.9997741273711686,3.998870636855843
11.75,0.9997741273711686,0.9997741273711686,0.9997741273711686,0.9997741273711686,0.9997741273711686,0.00022587262883144984,0.00022587262883144984,0.00022587262883144984,0.00022587262883144984,0.00022587262883144984,0.0,0.0,0.0,0.0,0.0,0.9997741273711686,0.9997741273711686,0.9997741273711686,0.9997741273711686,0.9997741273711686,3.998870636855843
12.0,0.9997741273711686,0.9997741273711686,0.9997741273711686,0.9997741273711686,0.9997741273711686,0.00022587262883144984,0.00022587262883144984,0.00022587262883144984,0.00022587262883144984,0.00022587262883144984,0.0,0.0,0.0,0.0,0.0,0.9997741273711686,0.9997741273711686,0.9997741273711686,0.9997741273711686,0.9997741273711686,3.998870636855843
12.25,0.9997741273711686,0.9997741273711686,0.9997741273711686,0.9997741273711686,0.9997741273711686,0.00022587262883144984,0.00022587262883144984,0.00022587262883144984,0.00022587262883144984,0.00022587262883144984,0.0,0.0,0.0,0.0,0.0,0.9997741273711686,0.9997741273711686,0.9997741273711686,0.9997741273711686,0.9997741273711686,3.998870636855843
12.5,0.9997741273711686,0.9997741273711686,0.9997741273711686,0.9997741273711686,0.9997741273711686,0.00022587262883144984,0.00022587262883144984,0.00022587262883144984,0.00022587262883144984,0.00022587262883144984,0.0,0.0,0.0,0.0,0.0,0.9997741273711686,0.9997741273711686,0.9997741273711686,0.9997741273711686,0.9997741273711686,3.998870636855843
12.75,0.9997741273711686,0.9997741273711686,0.9997741273711686,0.9997741273711686,0.9997741273711686,0.00022587262883144984,0.00022587262883144984,0.00022587262883144984,0.00022587262883144984,0.00022587262883144984,0.0,0.0,0.0,0.0,0.0,0.9997741273711686,0.9997741273711686,0.9997741273711686,0.9997741273711686,0.9997741273711686,3.998870636855843
13.0,0.9997741273711686,0.9997741273711686,0.9997741273711686,0.9997741273711686,0.9997741273711686,0.00022587262883144984,0.00022587262883144984,0.00022587262883144984,0.00022587262883144984,0.00022587262883144984,0.0,0.0,0.0,0.0,0.0,0.9997741273711686,0.9997741273711686,0.9997741273711686,0.9997741273711686,0.9997741273711686,3.998870636855843
13.25,0.9997741273711686,0.9997741273711686,0.9997741273711686,0.9997741273711686,0.9997741273711686,0.00022587262883144984,0.00022587262883144984,0.00022587262883144984,0.00022587262883144984,0.00022587262883144984,0.0,0.0,0.0,0.0,0.0,0.9997741273711686,0.9997741273711686,0.9997741273711686,0.9997741273711686,0.9997741273711686,3.998870636855843
13.5,0.9997741273711686,0.9997741273711686,0.9997741273711686,0.9997741273711686,0.9997741273711686,0.00022587262883144984,0.00022587262883144984,0.00022587262883144984,0.00022587262883144984,0.00022587262883144984,0.0,0.0,0.0,0.0,0.0,0.9997741273711686,0.9997741273711686,0.9997741273711686,0.9997741273711686,0.9997741273711686,3.998870636855843
13.75,0.9997741273711686,0.9997741273711686,0.9997741273711686,0.9997741273711686,0.9997741273711686,0.00022587262883144984,0.00022587262883144984,0.00022587262883144984,0.00022587262883144984,0.00022587262883144984,0.0,0.0,0.0,0.0,0.0,0.9997741273711686,0.9997741273711686,0.9997741273711686,0.9997741273711686,0.9997741273711686,3.998870636855843
14.0,0.9997741273711686,0.9997741273711686,0.9997741273711686,0.9997741273711686,0.9997741273711686,0.00022587262883144984,0.00022587262883144984,0.00022587262883144984,0.00022587262883144984,0.00022587262883144984,0.0,0.0,0.0,0.0,0.0,0.9997741273711686,0.9997741273711686,0.9997741273711686,0.9997741273711686,0.9997741273711686,3.998870636855843
14.25,0.9997741273711686,0.9997741273711686,0.9997741273711686,0.9997741273711686,0.9997741273711686,0.00022587262883144984,0.00022587262883144984,0.00022587262883144984,0.00022587262883144984,0.00022587262883144984,0.0,0.0,0.0,0.0,0.0,0.9997741273711686,0.9997741273711686,0.9997741273711686,0.9997741273711686,0.9997741273711686,3.998870636855843
14.5,0.9997741273711686,0.9997741273711686,0.9997741273711686,0.9997741273711686,0.9997741273711686,0.00022587262883144984,0.00022587262883144984,0.00022587262883144984,0.00022587262883144984,0.00022587262883144984,0.0,0.0,0.0,0.0,0.0,0.9997741273711686,0.9997741273711686,0.9997741273711686,0.9997741273711686,0.9997741273711686,3.998870636855843
14.75,0.9997741273711686,0.9997741273711686,0.9997741273711686,0.9997741273711686,0.9997741273711686,0.00022587262883144984,0.00022587262883144984,0.00022587262883144984,0.00022587262883144984,0.00022587262883144984,0.0,0.0,0.0,0.0,0.0,0.9997741273711686,0.9997741273711686,0.9997741273711686,0.9997741273711686,0.9997741273711686,3.998870636855843
15.0,0.9997741273711686,0.9997741273711686,0.9997741273711686,0.9997741273711686,0.9997741273711686,0.00022587262883144984,0.00022587262883144984,0.00022587262883144984,0.00022587262883144984,0.00022587262883144984,0.0,0.0,0.0,0.0,0.0,0.9997741273711686,0.9997741273711686,0.9997741273711686,0.9997741273711686,0.9997741273711686,3.998870636855843
15.25,0.9997741273711686,0.9997741273711686,0.9997741273711686,0.9997741273711686,0.9997741273711686,0.00022587262883144984,0.00022587262883144984,0.00022587262883144984,0.00022587262883144984,0.00022587262883144984,0.0,0.0,0.0,0.0,0.0,0.9997741273711686,0.9997741273711686,0.9997741273711686,0.9997741273711686,0.9997741273711686,3.998870636855843
15.5,0.9997741273711686,0.9997741273711686,0.9997741273711686,0.9997741273711686,0.9997741273711686,0.00022587262883144984,0.00022587262883144984,0.00022587262883144984,0.00022587262883144984,0.00022587262883144984,0.0,0.0,0.0,0.0,0.0,0.9997741273711686,0.9997741273711686,0.9997741273711686,0.9997741273711686,0.9997741273711686,3.998870636855843
15.75,0.9997741273711686,0.9997741273711686,0.9997741273711686,0.9997741273711686,0.9997741273711686,0.00022587262883144984,0.00022587262883144984,0.00022587262883144984,0.00022587262883144984,0.00022587262883144984,0.0,0.0,0.0,0.0,0.0,0.9997741273711686,0.9997741273711686,0.9997741273711686,0.9997741273711686,0.9997741273711686,3.998870636855843
16.0,0.9997741273711686,0.9997741273711686,0.9997741273711686,0.9997741273711686,0.9997741273711686,0.00022587262883144984,0.00022587262883144984,0.00022587262883144984,0.00022587262883144984,0.00022587262883144984,0.0,0.0,0.0,0.0,0.0,0.9997741273711686,0.9997741273711686,0.9997741273711686,0.9997741273711686,0.9997741273711686,3.998870636855843
16.25,0.9997741273711686,0.9997741273711686,0.9997741273711686,0.9997741273711686,0.9997741273711686,0.00022587262883144984,0.00022587262883144984,0.00022587262883144984,0.00022587262883144984,0.00022587262883144984,0.0,0.0,0.0,0.0,0.0,0.9997741273711686,0.9997741273711686,0.9997741273711686,0.9997741273711686,0.9997741273711686,3.998870636855843
16.5,0.9997741273711686,0.9997741273711686,0.9997741273711686,0.9997741273711686,0.9997741273711686,0.00022587262883144984,0.00022587262883144984,0.00022587262883144984,0.00022587262883144984,0.00022587262883144984,0.0,0.0,0.0,0.0,0.0,0.9997741273711686,0.9997741273711686,0.9997741273711686,0.9997741273711686,0.9997741273711686,3.998870636855843
16.75,0.9997741273711686,0.9997741273711686,0.9997741273711686,0.9997741273711686,0.9997741273711686,0.00022587262883144984,0.00022587262883144984,0.00022587262883144984,0.00022587262883144984,0.00022587262883144984,0.0,0.0,0.0,0.0,0.0,0.9997741273711686,0.9997741273711686,0.9997741273711686,0.9997741273711686,0.9997741273711686,3.998870636855843
17.0,0.9997741273711686,0.9997741273711686,0.9997741273711686,0.9997741273711686,0.9997741273711686,0.00022587262883144984,0.00022587262883144984,0.00022587262883144984,0.00022587262883144984,0.00022587262883144984,0.0,0.0,0.0,0.0,0.0,0.9997741273711686,0.9997741273711686,0.9997741273711686,0.9997741273711686,0.9997741273711686,3.998870636855843
17.25,0.9997741273711686,0.9997741273711686,0.9997741273711686,0.9997741273711686,0.9997741273711686,0.00022587262883144984,0.00022587262883144984,0.00022587262883144984,0.00022587262883144984,0.00022587262883144984,0.0,0.0,0.0,0.0,0.0,0.9997741273711686,0.9997741273711686,0.9997741273711686,0.9997741273711686,0.9997741273711686,3.998870636855843
17.5,0.9997741273711686,0.9997741273711686,0.9997741273711686,0.9997741273711686,0.9997741273711686,0.00022587262883144984,0.00022587262883144984,0.00022587262883144984,0.00022587262883144984,0.00022587262883144984,0.0,0.0,0.0,0.0,0.0,0.9997741273711686,0.9997741273711686,0.9997741273711686,0.9997741273711686,0.9997741273711686,3.998870636855843
17.75,0.9997741273711686,0.9997741273711686,0.9997741273711686,0.9997741273711686,0.9997741273711686,0.00022587262883144984,0.00022587262883144984,0.00022587262883144984,0.00022587262883144984,0.00022587262883144984,0.0,0.0,0.0,0.0,0.0,0.9997741273711686,0.9997741273711686,0.9997741273711686,0.9997741273711686,0.9997741273711686,3.998870636855843
18.0,0.9997741273711686,0.9997741273711686,0.9997741273711686,0.9997741273711686,0.9997741273711686,0.00022587262883144984,0.00022587262883144984,0.00022587262883144984,0.00022587262883144984,0.00022587262883144984,0.0,0.0,0.0,0.0,0.0,0.9997741273711686,0.9997741273711686,0.9997741273711686,0.9997741273711686,0.9997741273711686,3.998870636855843
18.25,0.9997741273711686,0.9997741273711686,0.9997741273711686,0.9997741273711686,0.9997741273711686,0.00022587262883144984,0.00022587262883144984,0.00022587262883144984,0.00022587262883144984,0.00022587262883144984,0.0,0.0,0.0,0.0,0.0,0.9997741273711686,0.9997741273711686,0.9997741273711686,0.9997741273711686,0.9997741273711686,3.998870636855843
18.5,0.9997741273711686,0.9997741273711686,0.9997741273711686,0.9997741273711686,0.9997741273711686,0.00022587262883144984,0.00022587262883144984,0.00022587262883144984,0.00022587262883144984,0.00022587262883144984,0.0,0.0,0.0,0.0,0.0,0.9997741273711686,0.9997741273711686,0.9997741273711686,0.9997741273711686,0.9997741273711686,3.998870636855843
18.75,0.9997741273711686,0.9997741273711686,0.9997741273711686,0.9997741273711686,0.9997741273711686,0.00022587262883144984,0.00022587262883144984,0.00022587262883144984,0.00022587262883144984,0.00022587262883144984,0.0,0.0,0.0,0.0,0.0,0.9997741273711686,0.9997741273711686,0.9997741273711686,0.9997741273711686,0.9997741273711686,3.998870636855843
19.0,0.9997741273711686,0.9997741273711686,0.9997741273711686,0.9997741273711686,0.9997741273711686,0.00022587262883144984,0.00022587262883144984,0.00022587262883144984,0.00022587262883144984,0.00022587262883144984,0.0,0.0,0.0,0.0,0.0,0.9997741273711686,0.9997741273711686,0.9997741273711686,0.9997741273711686,0.9997741273711686,3.998870636855843
19.25,0.9997741273711686,0.9997741273711686,0.9997741273711686,0.9997741273711686,0.9997741273711686,0.00022587262883144984,0.00022587262883144984,0.00022587262883144984,0.00022587262883144984,0.00022587262883144984,0.0,0.0,0.0,0.0,0.0,0.9997741273711686,0.9997741273711686,0.9997741273711686,0.9997741273711686,0.9997741273711686,3.998870636855843
19.5,0.9997741273711686,0.9997741273711686,0.9997741273711686,0.9997741273711686,0.9997741273711686,0.00022587262883144984,0.00022587262883144984,0.00022587262883144984,0.00022587262883144984,0.00022587262883144984,0.0,0.0,0.0,0.0,0.0,0.9997741273711686,0.9997741273711686,0.9997741273711686,0.9997741273711686,0.9997741273711686,3.998870636855843
19.75,0.9997741273711686,0.9997741273711686,0.9997741273711686,0.9997741273711686,0.9997741273711686,0.00022587262883144984,0.00022587262883144984,0.00022587262883144984,0.00022587262883144984,0.00022587262883144984,0.0,0.0,0.0,0.0,0.0,0.9997741273711686,0.9997741273711686,0.9997741273711686,0.9997741273711686,0.9997741273711686,3.998870636855843
20.0,0.9997741273711686,0.9997741273711686,0.9997741273711686,0.9997741273711686,0.9997741273711686,0.00022587262883144984,0.00022587262883144984,0.00022587262883144984,0.00022587262883144984,0.00022587262883144984,0.0,0.0,0.0,0.0,0.0,0.9997741273711686,0.9997741273711686,0.9997741273711686,0.9997741273711686,0.9997741273711686,3.998870636855843
20.25,0.9997741273711686,0.9997741273711686,0.9997741273711686,0.9997741273711686,0.9997741273711686,0.00022587262883144984,0.00022587262883144984,0.00022587262883144984,0.00022587262883144984,0.00022587262883144984,0.0,0.0,0.0,0.0,0.0,0.9997741273711686,0.9997741273711686,0.9997741273711686,0.9997741273711686,0.9997741273711686,3.998870636855843
20.5,0.9997741273711686,0.9997741273711686,0.9997741273711686,0.9997741273711686,0.9997741273711686,0.00022587262883144984,0.00022587262883144984,0.00022587262883144984,0.00022587262883144984,0.00022587262883144984,0.0,0.0,0.0,0.0,0.0,0.9997741273711686,0.9997741273711686,0.9997741273711686,0.9997741273711686,0.9997741273711686,3.998870636855843
20.75,0.9997741273711686,0.9997741273711686,0.9997741273711686,0.9997741273711686,0.9997741273711686,0.00022587262883144984,0.00022587262883144984,0.00022587262883144984,0.00022587262883144984,0.00022587262883144984,0.0,0.0,0.0,0.0,0.0,0.9997741273711686,0.9997741273711686,0.9997741273711686,0.9997741273711686,0.9997741273711686,3.998870636855843
21.0,0.9997741273711686,0.9997741273711686,0.9997741273711686,0.9997741273711686,0.9997741273711686,0.00022587262883144984,0.00022587262883144984,0.00022587262883144984,0.00022587262883144984,0.00022587262883144984,0.0,0.0,0.0,0.0,0.0,0.9997741273711686,0.9997741273711686,0.9997741273711686,0.9997741273711686,0.9997741273711686,3.998870636855843
21.25,0.9997741273711686,0.9997741273711686,0.9997741273711686,0.9997741273711686,0.9997741273711686,0.00022587262883144984,0.00022587262883144984,0.00022587262883144984,0.00022587262883144984,0.00022587262883144984,0.0,0.0,0.0,0.0,0.0,0.9997741273711686,0.9997741273711686,0.9997741273711686,0.9997741273711686,0.9997741273711686,3.998870636855843
21.5,0.9997741273711686,0.9997741273711686,0.9997741273711686,0.9997741273711686,0.9997741273711686,0.00022587262883144984,0.00022587262883144984,0.00022587262883144984,0.00022587262883144984,0.00022587262883144984,0.0,0.0,0.0,0.0,0.0,0.9997741273711686,0.9997741273711686,0.9997741273711686,0.9997741273711686,0.9997741273711686,3.998870636855843
21.75,0.9997741273711686,0.9997741273711686,0.9997741273711686,0.9997741273711686,0.9997741273711686,0.00022587262883144984,0.00022587262883144984,0.00022587262883144984,0.00022587262883144984,0.00022587262883144984,0.0,0.0,0.0,0.0,0.0,0.9997741273711686,0.9997741273711686,0.9997741273711686,0.9997741273711686,0.9997741273711686,3.998870636855843
22.0,0.9997741273711686,0.9997741273711686,0.9997741273711686,0.9997741273711686,0.9997741273711686,0.00022587262883144984,0.00022587262883144984,0.00022587262883144984,0.00022587262883144984,0.00022587262883144984,0.0,0.0,0.0,0.0,0.0,0.9997741273711686,0.9997741273711686,0.9997741273711686,0.9997741273711686,0.9997741273711686,3.998870636855843
22.25,0.9997741273711686,0.9997741273711686,0.9997741273711686,0.9997741273711686,0.9997741273711686,0.00022587262883144984,0.00022587262883144984,0.00022587262883144984,0.00022587262883144984,0.00022587262883144984,0.0,0.0,0.0,0.0,0.0,0.9997741273711686,0.9997741273711686,0.9997741273711686,0.9997741273711686,0.9997741273711686,3.998870636855843
22.5,0.9997741273711686,0.9997741273711686,0.9997741273711686,0.9997741273711686,0.9997741273711686,0.00022587262883144984,0.00022587262883144984,0.00022587262883144984,0.00022587262883144984,0.00022587262883144984,0.0,0.0,0.0,0.0,0.0,0.9997741273711686,0.9997741273711686,0.9997741273711686,0.9997741273711686,0.9997741273711686,3.998870636855843
22.75,0.9997741273711686,0.9997741273711686,0.9997741273711686,0.9997741273711686,0.9997741273711686,0.00022587262883144984,0.00022587262883144984,0.00022587262883144984,0.00022587262883144984,0.00022587262883144984,0.0,0.0,0.0,0.0,0.0,0.9997741273711686,0.9997741273711686,0.9997741273711686,0.9997741273711686,0.9997741273711686,3.998870636855843
23.0,0.9997741273711686,0.9997741273711686,0.9997741273711686,0.9997741273711686,0.9997741273711686,0.00022587262883144984,0.00022587262883144984,0.00022587262883144984,0.00022587262883144984,0.00022587262883144984,0.0,0.0,0.0,0.0,0.0,0.9997741273711686,0.9997741273711686,0.9997741273711686,0.9997741273711686,0.9997741273711686,3.998870636855843
23.25,0.9997741273711686,0.9997741273711686,0.9997741273711686,0.9997741273711686,0.9997741273711686,0.00022587262883144984,0.00022587262883144984,0.00022587262883144984,0.00022587262883144984,0.00022587262883144984,0.0,0.0,0.0,0.0,0.0,0.9997741273711686,0.9997741273711686,0.9997741273711686,0.9997741273711686,0.9997741273711686,3.998870636855843
23.5,0.9997741273711686,0.9997741273711686,0.9997741273711686,0.9997741273711686,0.9997741273711686,0.00022587262883144984,0.00022587262883144984,0.00022587262883144984,0.00022587262883144984,0.00022587262883144984,0.0,0.0,0.0,0.0,0.0,0.9997741273711686,0.9997741273711686,0.9997741273711686,0.9997741273711686,0.9997741273711686,3.998870636855843
23.75,0.9997741273711686,0.9997741273711686,0.9997741273711686,0.9997741273711686,0.9997741273711686,0.00022587262883144984,0.00022587262883144984,0.00022587262883144984,0.00022587262883144984,0.00022587262883144984,0.0,0.0,0.0,0.0,0.0,0.9997741273711686,0.9997741273711686,0.9997741273711686,0.9997741273711686,0.9997741273711686,3.998870636855843
24.0,0.9997741273711686,0.9997741273711686,0.9997741273711686,0.9997741273711686,0.9997741273711686,0.00022587262883144984,0.00022587262883144984,0.00022587262883144984,0.00022587262883144984,0.00022587262883144984,0.0,0.0,0.0,0.0,0.0,0.9997741273711686,0.9997741273711686,0.9997741273711686,0.9997741273711686,0.9997741273711686,3.998870636855843
24.25,0.9997741273711686,0.9997741273711686,0.9997741273711686,0.9997741273711686,0.9997741273711686,0.00022587262883144984,0.00022587262883144984,0.00022587262883144984,0.00022587262883144984,0.00022587262883144984,0.0,0.0,0.0,0.0,0.0,0.9997741273711686,0.9997741273711686,0.9997741273711686,0.9997741273711686,0.9997741273711686,3.998870636855843
24.5,0.9997741273711686,0.9997741273711686,0.9997741273711686,0.9997741273711686,0.9997741273711686,0.00022587262883144984,0.00022587262883144984,0.00022587262883144984,0.00022587262883144984,0.00022587262883144984,0.0,0.0,0.0,0.0,0.0,0.9997741273711686,0.9997741273711686,0.9997741273711686,0.9997741273711686,0.9997741273711686,3.998870636855843
24.75,0.9997741273711686,0.9997741273711686,0.9997741273711686,0.9997741273711686,0.9997741273711686,0.00022587262883144984,0.00022587262883144984,0.00022587262883144984,0.00022587262883144984,0.00022587262883144984,0.0,0.0,0.0,0.0,0.0,0.9997741273711686,0.9997741273711686,0.9997741273711686,0.9997741273711686,0.9997741273711686,3.998870636855843
25.0,0.9997741273711686,0.9997741273711686,0.9997741273711686,0.9997741273711686,0.9997741273711686,0.00022587262883144984,0.00022587262883144984,0.00022587262883144984,0.00022587262883144984,0.00022587262883144984,0.0,0.0,0.0,0.0,0.0,0.9997741273711686,0.9997741273711686,0.9997741273711686,0.9997741273711686,0.9997741273711686,3.998870636855843
25.25,0.9997741273711686,0.9997741273711686,0.9997741273711686,0.9997741273711686,0.9997741273711686,0.00022587262883144984,0.00022587262883144984,0.00022587262883144984,0.00022587262883144984,0.00022587262883144984,0.0,0.0,0.0,0.0,0.0,0.9997741273711686,0.9997741273711686,0.9997741273711686,0.9997741273711686,0.9997741273711686,3.998870636855843
25.5,0.9997741273711686,0.9997741273711686,0.9997741273711686,0.9997741273711686,0.9997741273711686,0.00022587262883144984,0.00022587262883144984,0.00022587262883144984,0.00022587262883144984,0.00022587262883144984,0.0,0.0,0.0,0.0,0.0,0.9997741273711686,0.9997741273711686,0.9997741273711686,0.9997741273711686,0.9997741273711686,3.998870636855843
25.75,0.9997741273711686,0.9997741273711686,0.9997741273711686,0.9997741273711686,0.9997741273711686,0.00022587262883144984,0.00022587262883144984,0.00022587262883144984,0.00022587262883144984,0.00022587262883144984,0.0,0.0,0.0,0.0,0.0,0.9997741273711686,0.9997741273711686,0.9997741273711686,0.9997741273711686,0.9997741273711686,3.998870636855843
26.0,0.9997741273711686,0.9997741273711686,0.9997741273711686,0.9997741273711686,0.9997741273711686,0.00022587262883144984,0.00022587262883144984,0.00022587262883144984,0.00022587262883144984,0.00022587262883144984,0.0,0.0,0.0,0.0,0.0,0.9997741273711686,0.9997741273711686,0.9997741273711686,0.9997741273711686,0.9997741273711686,3.998870636855843
26.25,0.9997741273711686,0.9997741273711686,0.9997741273711686,0.9997741273711686,0.9997741273711686,0.00022587262883144984,0.00022587262883144984,0.00022587262883144984,0.00022587262883144984,0.00022587262883144984,0.0,0.0,0.0,0.0,0.0,0.9997741273711686,0.9997741273711686,0.9997741273711686,0.9997741273711686,0.9997741273711686,3.998870636855843
26.5,0.9997741273711686,0.9997741273711686,0.9997741273711686,0.9997741273711686,0.9997741273711686,0.00022587262883144984,0.00022587262883144984,0.00022587262883144984,0.00022587262883144984,0.00022587262883144984,0.0,0.0,0.0,0.0,0.0,0.9997741273711686,0.9997741273711686,0.9997741273711686,0.9997741273711686,0.9997741273711686,3.998870636855843
26.75,0.9997741273711686,0.9997741273711686,0.9997741273711686,0.9997741273711686,0.9997741273711686,0.00022587262883144984,0.00022587262883144984,0.00022587262883144984,0.00022587262883144984,0.00022587262883144984,0.0,0.0,0.0,0.0,0.0,0.9997741273711686,0.9997741273711686,0.9997741273711686,0.9997741273711686,0.9997741273711686,3.998870636855843
27.0,0.9997741273711686,0.9997741273711686,0.9997741273711686,0.9997741273711686,0.9997741273711686,0.00022587262883144984,0.00022587262883144984,0.00022587262883144984,0.00022587262883144984,0.00022587262883144984,0.0,0.0,0.0,0.0,0.0,0.9997741273711686,0.9997741273711686,0.9997741273711686,0.9997741273711686,0.9997741273711686,3.998870636855843
27.25,0.9997741273711686,0.9997741273711686,0.9997741273711686,0.9997741273711686,0.9997741273711686,0.00022587262883144984,0.00022587262883144984,0.00022587262883144984,0.00022587262883144984,0.00022587262883144984,0.0,0.0,0.0,0.0,0.0,0.9997741273711686,0.9997741273711686,0.9997741273711686,0.9997741273711686,0.9997741273711686,3.998870636855843
27.5,0.9997741273711686,0.9997741273711686,0.9997741273711686,0.9997741273711686,0.9997741273711686,0.00022587262883144984,0.00022587262883144984,0.00022587262883144984,0.00022587262883144984,0.00022587262883144984,0.0,0.0,0.0,0.0,0.0,0.9997741273711686,0.9997741273711686,0.9997741273711686,0.9997741273711686,0.9997741273711686,3.998870636855843
27.75,0.9997741273711686,0.9997741273711686,0.9997741273711686,0.9997741273711686,0.9997741273711686,0.00022587262883144984,0.00022587262883144984,0.00022587262883144984,0.00022587262883144984,0.00022587262883144984,0.0,0.0,0.0,0.0,0.0,0.9997741273711686,0.9997741273711686,0.9997741273711686,0.9997741273711686,0.9997741273711686,3.998870636855843
28.0,0.9997741273711686,0.9997741273711686,0.9997741273711686,0.9997741273711686,0.9997741273711686,0.00022587262883144984,0.00022587262883144984,0.00022587262883144984,0.00022587262883144984,0.00022587262883144984,0.0,0.0,0.0,0.0,0.0,0.9997741273711686,0.9997741273711686,0.9997741273711686,0.9997741273711686,0.9997741273711686,3.998870636855843
28.25,0.9997741273711686,0.9997741273711686,0.9997741273711686,0.9997741273711686,0.9997741273711686,0.00022587262883144984,0.00022587262883144984,0.00022587262883144984,0.00022587262883144984,0.00022587262883144984,0.0,0.0,0.0,0.0,0.0,0.9997741273711686,0.9997741273711686,0.9997741273711686,0.9997741273711686,0.9997741273711686,3.998870636855843
28.5,0.9997741273711686,0.9997741273711686,0.9997741273711686,0.9997741273711686,0.9997741273711686,0.00022587262883144984,0.00022587262883144984,0.00022587262883144984,0.00022587262883144984,0.00022587262883144984,0.0,0.0,0.0,0.0,0.0,0.9997741273711686,0.9997741273711686,0.9997741273711686,0.9997741273711686,0.9997741273711686,3.998870636855843
28.75,0.9997741273711686,0.9997741273711686,0.9997741273711686,0.9997741273711686,0.9997741273711686,0.00022587262883144984,0.00022587262883144984,0.00022587262883144984,0.00022587262883144984,0.00022587262883144984,0.0,0.0,0.0,0.0,0.0,0.9997741273711686,0.9997741273711686,0.9997741273711686,0.9997741273711686,0.9997741273711686,3.998870636855843
29.0,0.9997741273711686,0.9997741273711686,0.9997741273711686,0.9997741273711686,0.9997741273711686,0.00022587262883144984,0.00022587262883144984,0.00022587262883144984,0.00022587262883144984,0.00022587262883144984,0.0,0.0,0.0,0.0,0.0,0.9997741273711686,0.9997741273711686,0.9997741273711686,0.9997741273711686,0.9997741273711686,3.998870636855843
29.25,0.9997741273711686,0.9997741273711686,0.9997741273711686,0.9997741273711686,0.9997741273711686,0.00022587262883144984,0.00022587262883144984,0.00022587262883144984,0.00022587262883144984,0.00022587262883144984,0.0,0.0,0.0,0.0,0.0,0.9997741273711686,0.9997741273711686,0.9997741273711686,0.9997741273711686,0.9997741273711686,3.998870636855843
29.5,0.9997741273711686,0.9997741273711686,0.9997741273711686,0.9997741273711686,0.9997741273711686,0.00022587262883144984,0.00022587262883144984,0.00022587262883144984,0.00022587262883144984,0.00022587262883144984,0.0,0.0,0.0,0.0,0.0,0.9997741273711686,0.9997741273711686,0.9997741273711686,0.9997741273711686,0.9997741273711686,3.998870636855843
29.75,0.9997741273711686,0.9997741273711686,0.9997741273711686,0.9997741273711686,0.9997741273711686,0.00022587262883144984,0.00022587262883144984,0.00022587262883144984,0.00022587262883144984,0.00022587262883144984,0.0,0.0,0.0,0.0,0.0,0.9997741273711686,0.9997741273711686,0.9997741273711686,0.9997741273711686,0.9997741273711686,3.998870636855843
30.0,0.9997741273711686,0.9997741273711686,0.9997741273711686,0.9997741273711686,0.9997741273711686,0.00022587262883144984,0.00022587262883144984,0.00022587262883144984,0.00022587262883144984,0.00022587262883144984,0.0,0.0,0.0,0.0,0.0,0.9997741273711686,0.9997741273711686,0.9997741273711686,0.9997741273711686,0.9997741273711686,3.998870636855843
30.25,0.9997741273711686,0.9997741273711686,0.9997741273711686,0.9997741273711686,0.9997741273711686,0.00022587262883144984,0.00022587262883144984,0.00022587262883144984,0.00022587262883144984,0.00022587262883144984,0.0,0.0,0.0,0.0,0.0,0.9997741273711686,0.9997741273711686,0.9997741273711686,0.9997741273711686,0.9997741273711686,3.998870636855843
30.5,0.9997741273711686,0.9997741273711686,0.9997741273711686,0.9997741273711686,0.9997741273711686,0.00022587262883144984,0.00022587262883144984,0.00022587262883144984,0.00022587262883144984,0.00022587262883144984,0.0,0.0,0.0,0.0,0.0,0.9997741273711686,0.9997741273711686,0.9997741273711686,0.9997741273711686,0.9997741273711686,3.998870636855843
30.75,0.9997741273711686,0.9997741273711686,0.9997741273711686,0.9997741273711686,0.9997741273711686,0.00022587262883144984,0.00022587262883144984,0.00022587262883144984,0.00022587262883144984,0.00022587262883144984,0.0,0.0,0.0,0.0,0.0,0.9997741273711686,0.9997741273711686,0.9997741273711686,0.9997741273711686,0.9997741273711686,3.998870636855843
31.0,0.9997741273711686,0.9997741273711686,0.9997741273711686,0.9997741273711686,0.9997741273711686,0.00022587262883144984,0.00022587262883144984,0.00022587262883144984,0.00022587262883144984,0.00022587262883144984,0.0,0.0,0.0,0.0,0.0,0.9997741273711686,0.9997741273711686,0.9997741273711686,0.9997741273711686,0.9997741273711686,3.998870636855843
31.25,0.9997741273711686,0.9997741273711686,0.9997741273711686,0.9997741273711686,0.9997741273711686,0.00022587262883144984,0.00022587262883144984,0.00022587262883144984,0.00022587262883144984,0.00022587262883144984,0.0,0.0,0.0,0.0,0.0,0.9997741273711686,0.9997741273711686,0.9997741273711686,0.9997741273711686,0.9997741273711686,3.998870636855843
31.5,0.9997741273711686,0.9997741273711686,0.9997741273711686,0.9997741273711686,0.9997741273711686,0.00022587262883144984,0.00022587262883144984,0.00022587262883144984,0.00022587262883144984,0.00022587262883144984,0.0,0.0,0.0,0.0,0.0,0.9997741273711686,0.9997741273711686,0.9997741273711686,0.9997741273711686,0.9997741273711686,3.998870636855843
31.75,0.9997741273711686,0.9997741273711686,0.9997741273711686,0.9997741273711686,0.9997741273711686,0.00022587262883144984,0.00022587262883144984,0.00022587262883144984,0.00022587262883144984,0.00022587262883144984,0.0,0.0,0.0,0.0,0.0,0.9997741273711686,0.9997741273711686,0.9997741273711686,0.9997741273711686,0.9997741273711686,3.998870636855843
32.0,0.9997741273711686,0.9997741273711686,0.9997741273711686,0.9997741273711686,0.9997741273711686,0.00022587262883144984,0.00022587262883144984,0.00022587262883144984,0.00022587262883144984,0.00022587262883144984,0.0,0.0,0.0,0.0,0.0,0.9997741273711686,0.9997741273711686,0.9997741273711686,0.9997741273711686,0.9997741273711686,3.998870636855843
32.25,0.9997741273711686,0.9997741273711686,0.9997741273711686,0.9997741273711686,0.9997741273711686,0.00022587262883144984,0.00022587262883144984,0.00022587262883144984,0.00022587262883144984,0.00022587262883144984,0.0,0.0,0.0,0.0,0.0,0.9997741273711686,0.9997741273711686,0.9997741273711686,0.9997741273711686,0.9997741273711686,3.998870636855843
32.5,0.9997741273711686,0.9997741273711686,0.9997741273711686,0.9997741273711686,0.9997741273711686,0.00022587262883144984,0.00022587262883144984,0.00022587262883144984,0.00022587262883144984,0.00022587262883144984,0.0,0.0,0.0,0.0,0.0,0.9997741273711686,0.9997741273711686,0.9997741273711686,0.9997741273711686,0.9997741273711686,3.998870636855843
32.75,0.9997741273711686,0.9997741273711686,0.9997741273711686,0.9997741273711686,0.9997741273711686,0.00022587262883144984,0.00022587262883144984,0.00022587262883144984,0.00022587262883144984,0.00022587262883144984,0.0,0.0,0.0,0.0,0.0,0.9997741273711686,0.9997741273711686,0.9997741273711686,0.9997741273711686,0.9997741273711686,3.998870636855843
33.0,0.9997741273711686,0.9997741273711686,0.9997741273711686,0.9997741273711686,0.9997741273711686,0.00022587262883144984,0.00022587262883144984,0.00022587262883144984,0.00022587262883144984,0.00022587262883144984,0.0,0.0,0.0,0.0,0.0,0.9997741273711686,0.9997741273711686,0.9997741273711686,0.9997741273711686,0.9997741273711686,3.998870636855843
33.25,0.9997741273711686,0.9997741273711686,0.9997741273711686,0.9997741273711686,0.9997741273711686,0.00022587262883144984,0.00022587262883144984,0.00022587262883144984,0.00022587262883144984,0.00022587262883144984,0.0,0.0,0.0,0.0,0.0,0.9997741273711686,0.9997741273711686,0.9997741273711686,0.9997741273711686,0.9997741273711686,3.998870636855843
33.5,0.9997741273711686,0.9997741273711686,0.9997741273711686,0.9997741273711686,0.9997741273711686,0.00022587262883144984,0.00022587262883144984,0.00022587262883144984,0.00022587262883144984,0.00022587262883144984,0.0,0.0,0.0,0.0,0.0,0.9997741273711686,0.9997741273711686,0.9997741273711686,0.9997741273711686,0.9997741273711686,3.998870636855843
33.75,0.9997741273711686,0.9997741273711686,0.9997741273711686,0.9997741273711686,0.9997741273711686,0.00022587262883144984,0.00022587262883144984,0.00022587262883144984,0.00022587262883144984,0.00022587262883144984,0.0,0.0,0.0,0.0,0.0,0.9997741273711686,0.9997741273711686,0.9997741273711686,0.9997741273711686,0.9997741273711686,3.998870636855843
34.0,0.9997741273711686,0.9997741273711686,0.9997741273711686,0.9997741273711686,0.9997741273711686,0.00022587262883144984,0.00022587262883144984,0.00022587262883144984,0.00022587262883144984,0.00022587262883144984,0.0,0.0,0.0,0.0,0.0,0.9997741273711686,0.9997741273711686,0.9997741273711686,0.9997741273711686,0.9997741273711686,3.998870636855843
34.25,0.9997741273711686,0.9997741273711686,0.9997741273711686,0.9997741273711686,0.9997741273711686,0.00022587262883144984,0.00022587262883144984,0.00022587262883144984,0.00022587262883144984,0.00022587262883144984,0.0,0.0,0.0,0.0,0.0,0.9997741273711686,0.9997741273711686,0.9997741273711686,0.9997741273711686,0.9997741273711686,3.998870636855843
34.5,0.9997741273711686,0.9997741273711686,0.9997741273711686,0.9997741273711686,0.9997741273711686,0.00022587262883144984,0.00022587262883144984,0.00022587262883144984,0.00022587262883144984,0.00022587262883144984,0.0,0.0,0.0,0.0,0.0,0.9997741273711686,0.9997741273711686,0.9997741273711686,0.9997741273711686,0.9997741273711686,3.998870636855843
34.75,0.9997741273711686,0.9997741273711686,0.9997741273711686,0.9997741273711686,0.9997741273711686,0.00022587262883144984,0.00022587262883144984,0.00022587262883144984,0.00022587262883144984,0.00022587262883144984,0.0,0.0,0.0,0.0,0.0,0.9997741273711686,0.9997741273711686,0.9997741273711686,0.9997741273711686,0.9997741273711686,3.998870636855843
35.0,0.9997741273711686,0.9997741273711686,0.9997741273711686,0.9997741273711686,0.9997741273711686,0.00022587262883144984,0.00022587262883144984,0.00022587262883144984,0.00022587262883144984,0.00022587262883144984,0.0,0.0,0.0,0.0,0.0,0.9997741273711686,0.9997741273711686,0.9997741273711686,0.9997741273711686,0.9997741273711686,3.998870636855843
35.25,0.9997741273711686,0.9997741273711686,0.9997741273711686,0.9997741273711686,0.9997741273711686,0.00022587262883144984,0.00022587262883144984,0.00022587262883144984,0.00022587262883144984,0.00022587262883144984,0.0,0.0,0.0,0.0,0.0,0.9997741273711686,0.9997741273711686,0.9997741273711686,0.9997741273711686,0.9997741273711686,3.998870636855843
35.5,0.9997741273711686,0.9997741273711686,0.9997741273711686,0.9997741273711686,0.9997741273711686,0.00022587262883144984,0.00022587262883144984,0.00022587262883144984,0.00022587262883144984,0.00022587262883144984,0.0,0.0,0.0,0.0,0.0,0.9997741273711686,0.9997741273711686,0.9997741273711686,0.9997741273711686,0.9997741273711686,3.998870636855843
35.75,0.9997741273711686,0.9997741273711686,0.9997741273711686,0.9997741273711686,0.9997741273711686,0.00022587262883144984,0.00022587262883144984,0.00022587262883144984,0.00022587262883144984,0.00022587262883144984,0.0,0.0,0.0,0.0,0.0,0.9997741273711686,0.9997741273711686,0.9997741273711686,0.9997741273711686,0.9997741273711686,3.998870636855843
36.0,0.9997741273711686,0.9997741273711686,0.9997741273711686,0.9997741273711686,0.9997741273711686,0.00022587262883144984,0.00022587262883144984,0.00022587262883144984,0.00022587262883144984,0.00022587262883144984,0.0,0.0,0.0,0.0,0.0,0.9997741273711686,0.9997741273711686,0.9997741273711686,0.9997741273711686,0.9997741273711686,3.998870636855843
36.25,0.9997741273711686,0.9997741273711686,0.9997741273711686,0.9997741273711686,0.9997741273711686,0.00022587262883144984,0.00022587262883144984,0.00022587262883144984,0.00022587262883144984,0.00022587262883144984,0.0,0.0,0.0,0.0,0.0,0.9997741273711686,0.9997741273711686,0.9997741273711686,0.9997741273711686,0.9997741273711686,3.998870636855843
36.5,0.9997741273711686,0.9997741273711686,0.9997741273711686,0.9997741273711686,0.9997741273711686,0.00022587262883144984,0.00022587262883144984,0.00022587262883144984,0.00022587262883144984,0.00022587262883144984,0.0,0.0,0.0,0.0,0.0,0.9997741273711686,0.9997741273711686,0.9997741273711686,0.9997741273711686,0.9997741273711686,3.998870636855843
36.75,0.9997741273711686,0.9997741273711686,0.9997741273711686,0.9997741273711686,0.9997741273711686,0.00022587262883144984,0.00022587262883144984,0.00022587262883144984,0.00022587262883144984,0.00022587262883144984,0.0,0.0,0.0,0.0,0.0,0.9997741273711686,0.9997741273711686,0.9997741273711686,0.9997741273711686,0.9997741273711686,3.998870636855843
37.0,0.9997741273711686,0.9997741273711686,0.9997741273711686,0.9997741273711686,0.9997741273711686,0.00022587262883144984,0.00022587262883144984,0.00022587262883144984,0.00022587262883144984,0.00022587262883144984,0.0,0.0,0.0,0.0,0.0,0.9997741273711686,0.9997741273711686,0.9997741273711686,0.9997741273711686,0.9997741273711686,3.998870636855843
37.25,0.9997741273711686,0.9997741273711686,0.9997741273711686,0.9997741273711686,0.9997741273711686,0.00022587262883144984,0.00022587262883144984,0.00022587262883144984,0.00022587262883144984,0.00022587262883144984,0.0,0.0,0.0,0.0,0.0,0.9997741273711686,0.9997741273711686,0.9997741273711686,0.9997741273711686,0.9997741273711686,3.998870636855843
37.5,0.9997741273711686,0.9997741273711686,0.9997741273711686,0.9997741273711686,0.9997741273711686,0.00022587262883144984,0.00022587262883144984,0.00022587262883144984,0.00022587262883144984,0.00022587262883144984,0.0,0.0,0.0,0.0,0.0,0.9997741273711686,0.9997741273711686,0.9997741273711686,0.9997741273711686,0.9997741273711686,3.998870636855843
37.75,0.9997741273711686,0.9997741273711686,0.9997741273711686,0.9997741273711686,0.9997741273711686,0.00022587262883144984,0.00022587262883144984,0.00022587262883144984,0.00022587262883144984,0.00022587262883144984,0.0,0.0,0.0,0.0,0.0,0.9997741273711686,0.9997741273711686,0.9997741273711686,0.9997741273711686,0.9997741273711686,3.998870636855843
38.0,0.9997741273711686,0.9997741273711686,0.9997741273711686,0.9997741273711686,0.9997741273711686,0.00022587262883144984,0.00022587262883144984,0.00022587262883144984,0.00022587262883144984,0.00022587262883144984,0.0,0.0,0.0,0.0,0.0,0.9997741273711686,0.9997741273711686,0.9997741273711686,0.9997741273711686,0.9997741273711686,3.998870636855843
38.25,0.9997741273711686,0.9997741273711686,0.9997741273711686,0.9997741273711686,0.9997741273711686,0.00022587262883144984,0.00022587262883144984,0.00022587262883144984,0.00022587262883144984,0.00022587262883144984,0.0,0.0,0.0,0.0,0.0,0.9997741273711686,0.9997741273711686,0.9997741273711686,0.9997741273711686,0.9997741273711686,3.998870636855843
38.5,0.9997741273711686,0.9997741273711686,0.9997741273711686,0.9997741273711686,0.9997741273711686,0.00022587262883144984,0.00022587262883144984,0.00022587262883144984,0.00022587262883144984,0.00022587262883144984,0.0,0.0,0.0,0.0,0.0,0.9997741273711686,0.9997741273711686,0.9997741273711686,0.9997741273711686,0.9997741273711686,3.998870636855843
38.75,0.9997741273711686,0.9997741273711686,0.9997741273711686,0.9997741273711686,0.9997741273711686,0.00022587262883144984,0.00022587262883144984,0.00022587262883144984,0.00022587262883144984,0.00022587262883144984,0.0,0.0,0.0,0.0,0.0,0.9997741273711686,0.9997741273711686,0.9997741273711686,0.9997741273711686,0.9997741273711686,3.998870636855843
39.0,0.9997741273711686,0.9997741273711686,0.9997741273711686,0.9997741273711686,0.9997741273711686,0.00022587262883144984,0.00022587262883144984,0.00022587262883144984,0.00022587262883144984,0.00022587262883144984,0.0,0.0,0.0,0.0,0.0,0.9997741273711686,0.9997741273711686,0.9997741273711686,0.9997741273711686,0.9997741273711686,3.998870636855843
39.25,0.9997741273711686,0.9997741273711686,0.9997741273711686,0.9997741273711686,0.9997741273711686,0.00022587262883144984,0.00022587262883144984,0.00022587262883144984,0.00022587262883144984,0.00022587262883144984,0.0,0.0,0.0,0.0,0.0,0.9997741273711686,0.9997741273711686,0.9997741273711686,0.9997741273711686,0.9997741273711686,3.998870636855843
39.5,0.9997741273711686,0.9997741273711686,0.9997741273711686,0.9997741273711686,0.9997741273711686,0.00022587262883144984,0.00022587262883144984,0.00022587262883144984,0.00022587262883144984,0.00022587262883144984,0.0,0.0,0.0,0.0,0.0,0.9997741273711686,0.9997741273711686,0.9997741273711686,0.9997741273711686,0.9997741273711686,3.998870636855843
39.75,0.9997741273711686,0.9997741273711686,0.9997741273711686,0.9997741273711686,0.9997741273711686,0.00022587262883144984,0.00022587262883144984,0.00022587262883144984,0.00022587262883144984,0.00022587262883144984,0.0,0.0,0.0,0.0,0.0,0.9997741273711686,0.9997741273711686,0.9997741273711686,0.9997741273711686,0.9997741273711686,3.998870636855843
40.0,0.9997741273711686,0.9997741273711686,0.9997741273711686,0.9997741273711686,0.9997741273711686,0.00022587262883144984,0.00022587262883144984,0.00022587262883144984,0.00022587262883144984,0.00022587262883144984,0.0,0.0,0.0,0.0,0.0,0.9997741273711686,0.9997741273711686,0.9997741273711686,0.9997741273711686,0.9997741273711686,3.998870636855843
40.25,0.9997741273711686,0.9997741273711686,0.9997741273711686,0.9997741273711686,0.9997741273711686,0.00022587262883144984,0.00022587262883144984,0.00022587262883144984,0.00022587262883144984,0.00022587262883144984,0.0,0.0,0.0,0.0,0.0,0.9997741273711686,0.9997741273711686,0.9997741273711686,0.9997741273711686,0.9997741273711686,3.998870636855843
40.5,0.9997741273711686,0.9997741273711686,0.9997741273711686,0.9997741273711686,0.9997741273711686,0.00022587262883144984,0.00022587262883144984,0.00022587262883144984,0.00022587262883144984,0.00022587262883144984,0.0,0.0,0.0,0.0,0.0,0.9997741273711686,0.9997741273711686,0.9997741273711686,0.9997741273711686,0.9997741273711686,3.998870636855843
40.75,0.9997741273711686,0.9997741273711686,0.9997741273711686,0.9997741273711686,0.9997741273711686,0.00022587262883144984,0.00022587262883144984,0.00022587262883144984,0.00022587262883144984,0.00022587262883144984,0.0,0.0,0.0,0.0,0.0,0.9997741273711686,0.9997741273711686,0.9997741273711686,0.9997741273711686,0.9997741273711686,3.998870636855843
41.0,0.9997741273711686,0.9997741273711686,0.9997741273711686,0.9997741273711686,0.9997741273711686,0.00022587262883144984,0.00022587262883144984,0.00022587262883144984,0.00022587262883144984,0.00022587262883144984,0.0,0.0,0.0,0.0,0.0,0.9997741273711686,0.9997741273711686,0.9997741273711686,0.9997741273711686,0.9997741273711686,3.998870636855843
41.25,0.9997741273711686,0.9997741273711686,0.9997741273711686,0.9997741273711686,0.9997741273711686,0.00022587262883144984,0.00022587262883144984,0.00022587262883144984,0.00022587262883144984,0.00022587262883144984,0.0,0.0,0.0,0.0,0.0,0.9997741273711686,0.9997741273711686,0.9997741273711686,0.9997741273711686,0.9997741273711686,3.998870636855843
41.5,0.9997741273711686,0.9997741273711686,0.9997741273711686,0.9997741273711686,0.9997741273711686,0.00022587262883144984,0.00022587262883144984,0.00022587262883144984,0.00022587262883144984,0.00022587262883144984,0.0,0.0,0.0,0.0,0.0,0.9997741273711686,0.9997741273711686,0.9997741273711686,0.9997741273711686,0.9997741273711686,3.998870636855843
41.75,0.9997741273711686,0.9997741273711686,0.9997741273711686,0.9997741273711686,0.9997741273711686,0.00022587262883144984,0.00022587262883144984,0.00022587262883144984,0.00022587262883144984,0.00022587262883144984,0.0,0.0,0.0,0.0,0.0,0.9997741273711686,0.9997741273711686,0.9997741273711686,0.9997741273711686,0.9997741273711686,3.998870636855843
42.0,0.9997741273711686,0.9997741273711686,0.9997741273711686,0.9997741273711686,0.9997741273711686,0.00022587262883144984,0.00022587262883144984,0.00022587262883144984,0.00022587262883144984,0.00022587262883144984,0.0,0.0,0.0,0.0,0.0,0.9997741273711686,0.9997741273711686,0.9997741273711686,0.9997741273711686,0.9997741273711686,3.998870636855843
42.25,0.9997741273711686,0.9997741273711686,0.9997741273711686,0.9997741273711686,0.9997741273711686,0.00022587262883144984,0.00022587262883144984,0.00022587262883144984,0.00022587262883144984,0.00022587262883144984,0.0,0.0,0.0,0.0,0.0,0.9997741273711686,0.9997741273711686,0.9997741273711686,0.9997741273711686,0.9997741273711686,3.998870636855843
42.5,0.9997741273711686,0.9997741273711686,0.9997741273711686,0.9997741273711686,0.9997741273711686,0.00022587262883144984,0.00022587262883144984,0.00022587262883144984,0.00022587262883144984,0.00022587262883144984,0.0,0.0,0.0,0.0,0.0,0.9997741273711686,0.9997741273711686,0.9997741273711686,0.9997741273711686,0.9997741273711686,3.998870636855843
42.75,0.9997741273711686,0.9997741273711686,0.9997741273711686,0.9997741273711686,0.9997741273711686,0.00022587262883144984,0.00022587262883144984,0.00022587262883144984,0.00022587262883144984,0.00022587262883144984,0.0,0.0,0.0,0.0,0.0,0.9997741273711686,0.9997741273711686,0.9997741273711686,0.9997741273711686,0.9997741273711686,3.998870636855843
43.0,0.9997741273711686,0.9997741273711686,0.9997741273711686,0.9997741273711686,0.9997741273711686,0.00022587262883144984,0.00022587262883144984,0.00022587262883144984,0.00022587262883144984,0.00022587262883144984,0.0,0.0,0.0,0.0,0.0,0.9997741273711686,0.9997741273711686,0.9997741273711686,0.9997741273711686,0.9997741273711686,3.998870636855843
43.25,0.9997741273711686,0.9997741273711686,0.9997741273711686,0.9997741273711686,0.9997741273711686,0.00022587262883144984,0.00022587262883144984,0.00022587262883144984,0.00022587262883144984,0.00022587262883144984,0.0,0.0,0.0,0.0,0.0,0.9997741273711686,0.9997741273711686,0.9997741273711686,0.9997741273711686,0.9997741273711686,3.998870636855843
43.5,0.9997741273711686,0.9997741273711686,0.9997741273711686,0.9997741273711686,0.9997741273711686,0.00022587262883144984,0.00022587262883144984,0.00022587262883144984,0.00022587262883144984,0.00022587262883144984,0.0,0.0,0.0,0.0,0.0,0.9997741273711686,0.9997741273711686,0.9997741273711686,0.9997741273711686,0.9997741273711686,3.998870636855843
43.75,0.9997741273711686,0.9997741273711686,0.9997741273711686,0.9997741273711686,0.9997741273711686,0.00022587262883144984,0.00022587262883144984,0.00022587262883144984,0.00022587262883144984,0.00022587262883144984,0.0,0.0,0.0,0.0,0.0,0.9997741273711686,0.9997741273711686,0.9997741273711686,0.9997741273711686,0.9997741273711686,3.998870636855843
44.0,0.9997741273711686,0.9997741273711686,0.9997741273711686,0.9997741273711686,0.9997741273711686,0.00022587262883144984,0.00022587262883144984,0.00022587262883144984,0.00022587262883144984,0.00022587262883144984,0.0,0.0,0.0,0.0,0.0,0.9997741273711686,0.9997741273711686,0.9997741273711686,0.9997741273711686,0.9997741273711686,3.998870636855843
44.25,0.9997741273711686,0.9997741273711686,0.9997741273711686,0.9997741273711686,0.9997741273711686,0.00022587262883144984,0.00022587262883144984,0.00022587262883144984,0.00022587262883144984,0.00022587262883144984,0.0,0.0,0.0,0.0,0.0,0.9997741273711686,0.9997741273711686,0.9997741273711686,0.9997741273711686,0.9997741273711686,3.998870636855843
44.5,0.9997741273711686,0.9997741273711686,0.9997741273711686,0.9997741273711686,0.9997741273711686,0.00022587262883144984,0.00022587262883144984,0.00022587262883144984,0.00022587262883144984,0.00022587262883144984,0.0,0.0,0.0,0.0,0.0,0.9997741273711686,0.9997741273711686,0.9997741273711686,0.9997741273711686,0.9997741273711686,3.998870636855843
44.75,0.9997741273711686,0.9997741273711686,0.9997741273711686,0.9997741273711686,0.9997741273711686,0.00022587262883144984,0.00022587262883144984,0.00022587262883144984,0.00022587262883144984,0.00022587262883144984,0.0,0.0,0.0,0.0,0.0,0.9997741273711686,0.9997741273711686,0.9997741273711686,0.9997741273711686,0.9997741273711686,3.998870636855843
45.0,0.9997741273711686,0.9997741273711686,0.9997741273711686,0.9997741273711686,0.9997741273711686,0.00022587262883144984,0.00022587262883144984,0.00022587262883144984,0.00022587262883144984,0.00022587262883144984,0.0,0.0,0.0,0.0,0.0,0.9997741273711686,0.9997741273711686,0.9997741273711686,0.9997741273711686,0.9997741273711686,3.998870636855843
45.25,0.9997741273711686,0.9997741273711686,0.9997741273711686,0.9997741273711686,0.9997741273711686,0.00022587262883144984,0.00022587262883144984,0.00022587262883144984,0.00022587262883144984,0.00022587262883144984,0.0,0.0,0.0,0.0,0.0,0.9997741273711686,0.9997741273711686,0.9997741273711686,0.9997741273711686,0.9997741273711686,3.998870636855843
45.5,0.9997741273711686,0.9997741273711686,0.9997741273711686,0.9997741273711686,0.9997741273711686,0.00022587262883144984,0.00022587262883144984,0.00022587262883144984,0.00022587262883144984,0.00022587262883144984,0.0,0.0,0.0,0.0,0.0,0.9997741273711686,0.9997741273711686,0.9997741273711686,0.9997741273711686,0.9997741273711686,3.998870636855843
45.75,0.9997741273711686,0.9997741273711686,0.9997741273711686,0.9997741273711686,0.9997741273711686,0.00022587262883144984,0.00022587262883144984,0.00022587262883144984,0.00022587262883144984,0.00022587262883144984,0.0,0.0,0.0,0.0,0.0,0.9997741273711686,0.9997741273711686,0.9997741273711686,0.9997741273711686,0.9997741273711686,3.998870636855843
46.0,0.9997741273711686,0.9997741273711686,0.9997741273711686,0.9997741273711686,0.9997741273711686,0.00022587262883144984,0.00022587262883144984,0.00022587262883144984,0.00022587262883144984,0.00022587262883144984,0.0,0.0,0.0,0.0,0.0,0.9997741273711686,0.9997741273711686,0.9997741273711686,0.9997741273711686,0.9997741273711686,3.998870636855843
46.25,0.9997741273711686,0.9997741273711686,0.9997741273711686,0.9997741273711686,0.9997741273711686,0.00022587262883144984,0.00022587262883144984,0.00022587262883144984,0.00022587262883144984,0.00022587262883144984,0.0,0.0,0.0,0.0,0.0,0.9997741273711686,0.9997741273711686,0.9997741273711686,0.9997741273711686,0.9997741273711686,3.998870636855843
46.5,0.9997741273711686,0.9997741273711686,0.9997741273711686,0.9997741273711686,0.9997741273711686,0.00022587262883144984,0.00022587262883144984,0.00022587262883144984,0.00022587262883144984,0.00022587262883144984,0.0,0.0,0.0,0.0,0.0,0.9997741273711686,0.9997741273711686,0.9997741273711686,0.9997741273711686,0.9997741273711686,3.998870636855843
46.75,0.9997741273711686,0.9997741273711686,0.9997741273711686,0.9997741273711686,0.9997741273711686,0.00022587262883144984,0.00022587262883144984,0.00022587262883144984,0.00022587262883144984,0.00022587262883144984,0.0,0.0,0.0,0.0,0.0,0.9997741273711686,0.9997741273711686,0.9997741273711686,0.9997741273711686,0.9997741273711686,3.998870636855843
47.0,0.9997741273711686,0.9997741273711686,0.9997741273711686,0.9997741273711686,0.9997741273711686,0.00022587262883144984,0.00022587262883144984,0.00022587262883144984,0.00022587262883144984,0.00022587262883144984,0.0,0.0,0.0,0.0,0.0,0.9997741273711686,0.9997741273711686,0.9997741273711686,0.9997741273711686,0.9997741273711686,3.998870636855843
47.25,0.9997741273711686,0.9997741273711686,0.9997741273711686,0.9997741273711686,0.9997741273711686,0.00022587262883144984,0.00022587262883144984,0.00022587262883144984,0.00022587262883144984,0.00022587262883144984,0.0,0.0,0.0,0.0,0.0,0.9997741273711686,0.9997741273711686,0.9997741273711686,0.9997741273711686,0.9997741273711686,3.998870636855843
47.5,0.9997741273711686,0.9997741273711686,0.9997741273711686,0.9997741273711686,0.9997741273711686,0.00022587262883144984,0.00022587262883144984,0.00022587262883144984,0.00022587262883144984,0.00022587262883144984,0.0,0.0,0.0,0.0,0.0,0.9997741273711686,0.9997741273711686,0.9997741273711686,0.9997741273711686,0.9997741273711686,3.998870636855843
47.75,0.9997741273711686,0.9997741273711686,0.9997741273711686,0.9997741273711686,0.9997741273711686,0.00022587262883144984,0.00022587262883144984,0.00022587262883144984,0.00022587262883144984,0.00022587262883144984,0.0,0.0,0.0,0.0,0.0,0.9997741273711686,0.9997741273711686,0.9997741273711686,0.9997741273711686,0.9997741273711686,3.998870636855843
48.0,0.9997741273711686,0.9997741273711686,0.9997741273711686,0.9997741273711686,0.9997741273711686,0.00022587262883144984,0.00022587262883144984,0.00022587262883144984,0.00022587262883144984,0.00022587262883144984,0.0,0.0,0.0,0.0,0.0,0.9997741273711686,0.9997741273711686,0.9997741273711686,0.9997741273711686,0.9997741273711686,3.998870636855843
48.25,0.9997741273711686,0.9997741273711686,0.9997741273711686,0.9997741273711686,0.9997741273711686,0.00022587262883144984,0.00022587262883144984,0.00022587262883144984,0.00022587262883144984,0.00022587262883144984,0.0,0.0,0.0,0.0,0.0,0.9997741273711686,0.9997741273711686,0.9997741273711686,0.9997741273711686,0.9997741273711686,3.998870636855843
48.5,0.9997741273711686,0.9997741273711686,0.9997741273711686,0.9997741273711686,0.9997741273711686,0.00022587262883144984,0.00022587262883144984,0.00022587262883144984,0.00022587262883144984,0.00022587262883144984,0.0,0.0,0.0,0.0,0.0,0.9997741273711686,0.9997741273711686,0.9997741273711686,0.9997741273711686,0.9997741273711686,3.998870636855843
48.75,0.9997741273711686,0.9997741273711686,0.9997741273711686,0.9997741273711686,0.9997741273711686,0.00022587262883144984,0.00022587262883144984,0.00022587262883144984,0.00022587262883144984,0.00022587262883144984,0.0,0.0,0.0,0.0,0.0,0.9997741273711686,0.9997741273711686,0.9997741273711686,0.9997741273711686,0.9997741273711686,3.998870636855843
49.0,0.9997741273711686,0.9997741273711686,0.9997741273711686,0.9997741273711686,0.9997741273711686,0.00022587262883144984,0.00022587262883144984,0.00022587262883144984,0.00022587262883144984,0.00022587262883144984,0.0,0.0,0.0,0.0,0.0,0.9997741273711686,0.9997741273711686,0.9997741273711686,0.9997741273711686,0.9997741273711686,3.998870636855843
49.25,0.9997741273711686,0.9997741273711686,0.9997741273711686,0.9997741273711686,0.9997741273711686,0.00022587262883144984,0.00022587262883144984,0.00022587262883144984,0.00022587262883144984,0.00022587262883144984,0.0,0.0,0.0,0.0,0.0,0.9997741273711686,0.9997741273711686,0.9997741273711686,0.9997741273711686,0.9997741273711686,3.998870636855843
49.5,0.9997741273711686,0.9997741273711686,0.9997741273711686,0.9997741273711686,0.9997741273711686,0.00022587262883144984,0.00022587262883144984,0.00022587262883144984,0.00022587262883144984,0.00022587262883144984,0.0,0.0,0.0,0.0,0.0,0.9997741273711686,0.9997741273711686,0.9997741273711686,0.9997741273711686,0.9997741273711686,3.998870636855843
49.75,0.9997741273711686,0.9997741273711686,0.9997741273711686,0.9997741273711686,0.9997741273711686,0.00022587262883144984,0.00022587262883144984,0.00022587262883144984,0.00022587262883144984,0.00022587262883144984,0.0,0.0,0.0,0.0,0.0,0.9997741273711686,0.9997741273711686,0.9997741273711686,0.9997741273711686,0.9997741273711686,3.998870636855843
50.0,0.9997741273711686,0.9997741273711686,0.9997741273711686,0.9997741273711686,0.9997741273711686,0.00022587262883144984,0.00022587262883144984,0.00022587262883144984,0.00022587262883144984,0.00022587262883144984,0.0,0.0,0.0,0.0,0.0,0.9997741273711686,0.9997741273711686,0.9997741273711686,0.9997741273711686,0.9997741273711686,3.998870636855843
