time,Think_1,Think_2,Think_3,Think_4,Think_5,Hungry_1,Hungry_2,Hungry_3,Hungry_4,Hungry_5,Eat_1,Eat_2,Eat_3,Eat_4,Eat_5,Fork_1,Fork_2,Fork_3,Fork_4,Fork_5
0.0,1.0,1.0,1.0,1.0,1.0,0.0,0.0,0.0,0.0,0.0,0.0,0.0,0.0,0.0,0.0,1.0,1.0,1.0,1.0,1.0
0.25,0.9997830155909149,0.9997830155909149,0.9997830155909149,0.9997830155909149,0.9997830155909149,0.0002169844090851211,0.0002169844090851211,0.0002169844090851211,0.0002169844090851211,0.0002169844090851211,0.0,0.0,0.0,0.0,0.0,0.9997830155909149,0.9997830155909149,0.9997830155909149,0.9997830155909149,0.9997830155909149
0.5,0.9997830155909149,0.9997830155909149,0.9997830155909149,0.9997830155909149,0.9997830155909149,0.0002169844090851211,0.0002169844090851211,0.0002169844090851211,0.0002169844090851211,0.0002169844090851211,0.0,0.0,0.0,0.0,0.0,0.9997830155909149,0.9997830155909149,0.9997830155909149,0.9997830155909149,0.9997830155909149
0.75,0.9997830155909149,0.9997830155909149,0.9997830155909149,0.9997830155909149,0.9997830155909149,0.0002169844090851211,0.0002169844090851211,0.0002169844090851211,0.0002169844090851211,0.0002169844090851211,0.0,0.0,0.0,0.0,0.0,0.9997830155909149,0.9997830155909149,0.9997830155909149,0.9997830155909149,0.9997830155909149
1.0,0.9997830155909149,0.9997830155909149,0.9997830155909149,0.9997830155909149,0.9997830155909149,0.0002169844090851211,0.0002169844090851211,0.0002169844090851211,0.0002169844090851211,0.0002169844090851211,0.0,0.0,0.0,0.0,0.0,0.9997830155909149,0.9997830155909149,0.9997830155909149,0.9997830155909149,0.9997830155909149
1.25,0.9997830155909149,0.9997830155909149,0.9997830155909149,0.9997830155909149,0.9997830155909149,0.0002169844090851211,0.0002169844090851211,0.0002169844090851211,0.0002169844090851211,0.0002169844090851211,0.0,0.0,0.0,0.0,0.0,0.9997830155909149,0.9997830155909149,0.9997830155909149,0.9997830155909149,0.9997830155909149
1.5,0.9997830155909149,0.9997830155909149,0.9997830155909149,0.9997830155909149,0.9997830155909149,0.0002169844090851211,0.0002169844090851211,0.0002169844090851211,0.0002169844090851211,0.0002169844090851211,0.0,0.0,0.0,0.0,0.0,0.9997830155909149,0.9997830155909149,0.9997830155909149,0.9997830155909149,0.9997830155909149
1.75,0.9997830155909149,0.9997830155909149,0.9997830155909149,0.9997830155909149,0.9997830155909149,0.0002169844090851211,0.0002169844090851211,0.0002169844090851211,0.0002169844090851211,0.0002169844090851211,0.0,0.0,0.0,0.0,0.0,0.9997830155909149,0.9997830155909149,0.9997830155909149,0.9997830155909149,0.9997830155909149
2.0,0.9997830155909149,0.9997830155909149,0.9997830155909149,0.9997830155909149,0.9997830155909149,0.0002169844090851211,0.0002169844090851211,0.0002169844090851211,0.0002169844090851211,0.0002169844090851211,0.0,0.0,0.0,0.0,0.0,0.9997830155909149,0.9997830155909149,0.9997830155909149,0.9997830155909149,0.9997830155909149
2.25,0.9997830155909149,0.9997830155909149,0.9997830155909149,0.9997830155909149,0.9997830155909149,0.0002169844090851211,0.0002169844090851211,0.0002169844090851211,0.0002169844090851211,0.0002169844090851211,0.0,0.0,0.0,0.0,0.0,0.9997830155909149,0.9997830155909149,0.9997830155909149,0.9997830155909149,0.9997830155909149
2.5,0.9997830155909149,0.9997830155909149,0.9997830155909149,0.9997830155909149,0.9997830155909149,0.0002169844090851211,0.0002169844090851211,0.0002169844090851211,0.0002169844090851211,0.0002169844090851211,0.0,0.0,0.0,0.0,0.0,0.9997830155909149,0.9997830155909149,0.9997830155909149,0.9997830155909149,0.9997830155909149
2.75,0.9997830155909149,0.9997830155909149,0.9997830155909149,0.9997830155909149,0.9997830155909149,0.0002169844090851211,0.0002169844090851211,0.0002169844090851211,0.0002169844090851211,0.0002169844090851211,0.0,0.0,0.0,0.0,0.0,0.9997830155909149,0.9997830155909149,0.9997830155909149,0.9997830155909149,0.9997830155909149
3.0,0.9997830155909149,0.9997830155909149,0.9997830155909149,0.9997830155909149,0.9997830155909149,0.0002169844090851211,0.0002169844090851211,0.0002169844090851211,0.0002169844090851211,0.0002169844090851211,0.0,0.0,0.0,0.0,0.0,0.9997830155909149,0.9997830155909149,0.9997830155909149,0.9997830155909149,0.9997830155909149
3.25,0.9997830155909149,0.9997830155909149,0.9997830155909149,0.9997830155909149,0.9997830155909149,0.0002169844090851211,0.0002169844090851211,0.0002169844090851211,0.0002169844090851211,0.0002169844090851211,0.0,0.0,0.0,0.0,0.0,0.9997830155909149,0.9997830155909149,0.9997830155909149,0.9997830155909149,0.9997830155909149
3.5,0.9997830155909149,0.9997830155909149,0.9997830155909149,0.9997830155909149,0.9997830155909149,0.0002169844090851211,0.0002169844090851211,0.0002169844090851211,0.0002169844090851211,0.0002169844090851211,0.0,0.0,0.0,0.0,0.0,0.9997830155909149,0.9997830155909149,0.9997830155909149,0.9997830155909149,0.9997830155909149
3.75,0.9997830155909149,0.9997830155909149,0.9997830155909149,0.9997830155909149,0.9997830155909149,0.0002169844090851211,0.0002169844090851211,0.0002169844090851211,0.0002169844090851211,0.0002169844090851211,0.0,0.0,0.0,0.0,0.0,0.9997830155909149,0.9997830155909149,0.9997830155909149,0.9997830155909149,0.9997830155909149
4.0,0.9997830155909149,0.9997830155909149,0.9997830155909149,0.9997830155909149,0.9997830155909149,0.0002169844090851211,0.0002169844090851211,0.0002169844090851211,0.0002169844090851211,0.0002169844090851211,0.0,0.0,0.0,0.0,0.0,0.9997830155909149,0.9997830155909149,0.9997830155909149,0.9997830155909149,0.9997830155909149
4.25,0.9997830155909149,0.9997830155909149,0.9997830155909149,0.9997830155909149,0.9997830155909149,0.0002169844090851211,0.0002169844090851211,0.0002169844090851211,0.0002169844090851211,0.0002169844090851211,0.0,0.0,0.0,0.0,0.0,0.9997830155909149,0.9997830155909149,0.9997830155909149,0.9997830155909149,0.9997830155909149
4.5,0.9997830155909149,0.9997830155909149,0.9997830155909149,0.9997830155909149,0.9997830155909149,0.0002169844090851211,0.0002169844090851211,0.0002169844090851211,0.0002169844090851211,0.0002169844090851211,0.0,0.0,0.0,0.0,0.0,0.9997830155909149,0.9997830155909149,0.9997830155909149,0.9997830155909149,0.9997830155909149
4.75,0.9997830155909149,0.9997830155909149,0.9997830155909149,0.9997830155909149,0.9997830155909149,0.0002169844090851211,0.0002169844090851211,0.0002169844090851211,0.0002169844090851211,0.0002169844090851211,0.0,0.0,0.0,0.0,0.0,0.9997830155909149,0.9997830155909149,0.9997830155909149,0.9997830155909149,0.9997830155909149
5.0,0.9997830155909149,0.9997830155909149,0.9997830155909149,0.9997830155909149,0.9997830155909149,0.0002169844090851211,0.0002169844090851211,0.0002169844090851211,0.0002169844090851211,0.0002169844090851211,0.0,0.0,0.0,0.0,0.0,0.9997830155909149,0.9997830155909149,0.9997830155909149,0.9997830155909149,0.9997830155909149
5.25,0.9997830155909149,0.9997830155909149,0.9997830155909149,0.9997830155909149,0.9997830155909149,0.0002169844090851211,0.0002169844090851211,0.0002169844090851211,0.0002169844090851211,0.0002169844090851211,0.0,0.0,0.0,0.0,0.0,0.9997830155909149,0.9997830155909149,0.9997830155909149,0.9997830155909149,0.9997830155909149
5.5,0.9997830155909149,0.9997830155909149,0.9997830155909149,0.9997830155909149,0.9997830155909149,0.0002169844090851211,0.0002169844090851211,0.0002169844090851211,0.0002169844090851211,0.0002169844090851211,0.0,0.0,0.0,0.0,0.0,0.9997830155909149,0.9997830155909149,0.9997830155909149,0.9997830155909149,0.9997830155909149
5.75,0.9997830155909149,0.9997830155909149,0.9997830155909149,0.9997830155909149,0.9997830155909149,0.0002169844090851211,0.0002169844090851211,0.0002169844090851211,0.0002169844090851211,0.0002169844090851211,0.0,0.0,0.0,0.0,0.0,0.9997830155909149,0.9997830155909149,0.9997830155909149,0.9997830155909149,0.9997830155909149
6.0,0.9997830155909149,0.9997830155909149,0.9997830155909149,0.9997830155909149,0.9997830155909149,0.0002169844090851211,0.0002169844090851211,0.0002169844090851211,0.0002169844090851211,0.0002169844090851211,0.0,0.0,0.0,0.0,0.0,0.9997830155909149,0.9997830155909149,0.9997830155909149,0.9997830155909149,0.9997830155909149
6.25,0.9997830155909149,0.9997830155909149,0.9997830155909149,0.9997830155909149,0.9997830155909149,0.0002169844090851211,0.0002169844090851211,0.0002169844090851211,0.0002169844090851211,0.0002169844090851211,0.0,0.0,0.0,0.0,0.0,0.9997830155909149,0.9997830155909149,0.9997830155909149,0.9997830155909149,0.9997830155909149
6.5,0.9997830155909149,0.9997830155909149,0.9997830155909149,0.9997830155909149,0.9997830155909149,0.0002169844090851211,0.0002169844090851211,0.0002169844090851211,0.0002169844090851211,0.0002169844090851211,0.0,0.0,0.0,0.0,0.0,0.9997830155909149,0.9997830155909149,0.9997830155909149,0.9997830155909149,0.9997830155909149
6.75,0.9997830155909149,0.9997830155909149,0.9997830155909149,0.9997830155909149,0.9997830155909149,0.0002169844090851211,0.0002169844090851211,0.0002169844090851211,0.0002169844090851211,0.0002169844090851211,0.0,0.0,0.0,0.0,0.0,0.9997830155909149,0.9997830155909149,0.9997830155909149,0.9997830155909149,0.9997830155909149
7.0,0.9997830155909149,0.9997830155909149,0.9997830155909149,0.9997830155909149,0.9997830155909149,0.0002169844090851211,0.0002169844090851211,0.0002169844090851211,0.0002169844090851211,0.0002169844090851211,0.0,0.0,0.0,0.0,0.0,0.9997830155909149,0.9997830155909149,0.9997830155909149,0.9997830155909149,0.9997830155909149
7.25,0.9997830155909149,0.9997830155909149,0.9997830155909149,0.9997830155909149,0.9997830155909149,0.0002169844090851211,0.0002169844090851211,0.0002169844090851211,0.0002169844090851211,0.0002169844090851211,0.0,0.0,0.0,0.0,0.0,0.9997830155909149,0.9997830155909149,0.9997830155909149,0.9997830155909149,0.9997830155909149
7.5,0.9997830155909149,0.9997830155909149,0.9997830155909149,0.9997830155909149,0.9997830155909149,0.0002169844090851211,0.0002169844090851211,0.0002169844090851211,0.0002169844090851211,0.0002169844090851211,0.0,0.0,0.0,0.0,0.0,0.9997830155909149,0.9997830155909149,0.9997830155909149,0.9997830155909149,0.9997830155909149
7.75,0.9997830155909149,0.9997830155909149,0.9997830155909149,0.9997830155909149,0.9997830155909149,0.0002169844090851211,0.0002169844090851211,0.0002169844090851211,0.0002169844090851211,0.0002169844090851211,0.0,0.0,0.0,0.0,0.0,0.9997830155909149,0.9997830155909149,0.9997830155909149,0.9997830155909149,0.9997830155909149
8.0,0.9997830155909149,0.9997830155909149,0.9997830155909149,0.9997830155909149,0.9997830155909149,0.0002169844090851211,0.0002169844090851211,0.0002169844090851211,0.0002169844090851211,0.0002169844090851211,0.0,0.0,0.0,0.0,0.0,0.9997830155909149,0.9997830155909149,0.9997830155909149,0.9997830155909149,0.9997830155909149
8.25,0.9997830155909149,0.9997830155909149,0.9997830155909149,0.9997830155909149,0.9997830155909149,0.0002169844090851211,0.0002169844090851211,0.0002169844090851211,0.0002169844090851211,0.0002169844090851211,0.0,0.0,0.0,0.0,0.0,0.9997830155909149,0.9997830155909149,0.9997830155909149,0.9997830155909149,0.9997830155909149
8.5,0.9997830155909149,0.9997830155909149,0.9997830155909149,0.9997830155909149,0.9997830155909149,0.0002169844090851211,0.0002169844090851211,0.0002169844090851211,0.0002169844090851211,0.0002169844090851211,0.0,0.0,0.0,0.0,0.0,0.9997830155909149,0.9997830155909149,0.9997830155909149,0.9997830155909149,0.9997830155909149
8.75,0.9997830155909149,0.9997830155909149,0.9997830155909149,0.9997830155909149,0.9997830155909149,0.0002169844090851211,0.0002169844090851211,0.0002169844090851211,0.0002169844090851211,0.0002169844090851211,0.0,0.0,0.0,0.0,0.0,0.9997830155909149,0.9997830155909149,0.9997830155909149,0.9997830155909149,0.9997830155909149
9.0,0.9997830155909149,0.9997830155909149,0.9997830155909149,0.9997830155909149,0.9997830155909149,0.0002169844090851211,0.0002169844090851211,0.0002169844090851211,0.0002169844090851211,0.0002169844090851211,0.0,0.0,0.0,0.0,0.0,0.9997830155909149,0.9997830155909149,0.9997830155909149,0.9997830155909149,0.9997830155909149
9.25,0.9997830155909149,0.9997830155909149,0.9997830155909149,0.9997830155909149,0.9997830155909149,0.0002169844090851211,0.0002169844090851211,0.0002169844090851211,0.0002169844090851211,0.0002169844090851211,0.0,0.0,0.0,0.0,0.0,0.9997830155909149,0.9997830155909149,0.9997830155909149,0.9997830155909149,0.9997830155909149
9.5,0.9997830155909149,0.9997830155909149,0.9997830155909149,0.9997830155909149,0.9997830155909149,0.0002169844090851211,0.0002169844090851211,0.0002169844090851211,0.0002169844090851211,0.0002169844090851211,0.0,0.0,0.0,0.0,0.0,0.9997830155909149,0.9997830155909149,0.9997830155909149,0.9997830155909149,0.9997830155909149
9.75,0.9997830155909149,0.9997830155909149,0.9997830155909149,0.9997830155909149,0.9997830155909149,0.0002169844090851211,0.0002169844090851211,0.0002169844090851211,0.0002169844090851211,0.0002169844090851211,0.0,0.0,0.0,0.0,0.0,0.9997830155909149,0.9997830155909149,0.9997830155909149,0.9997830155909149,0.9997830155909149
10.0,0.9997830155909149,0.9997830155909149,0.9997830155909149,0.9997830155909149,0.9997830155909149,0.0002169844090851211,0.0002169844090851211,0.0002169844090851211,0.0002169844090851211,0.0002169844090851211,0.0,0.0,0.0,0.0,0.0,0.9997830155909149,0.9997830155909149,0.9997830155909149,0.9997830155909149,0.9997830155909149
10.25,0.9997830155909149,0.9997830155909149,0.9997830155909149,0.9997830155909149,0.9997830155909149,0.0002169844090851211,0.0002169844090851211,0.0002169844090851211,0.0002169844090851211,0.0002169844090851211,0.0,0.0,0.0,0.0,0.0,0.9997830155909149,0.9997830155909149,0.9997830155909149,0.9997830155909149,0.9997830155909149
10.5,0.9997830155909149,0.9997830155909149,0.9997830155909149,0.9997830155909149,0.9997830155909149,0.0002169844090851211,0.0002169844090851211,0.0002169844090851211,0.0002169844090851211,0.0002169844090851211,0.0,0.0,0.0,0.0,0.0,0.9997830155909149,0.9997830155909149,0.9997830155909149,0.9997830155909149,0.9997830155909149
10.75,0.9997830155909149,0.9997830155909149,0.9997830155909149,0.9997830155909149,0.9997830155909149,0.0002169844090851211,0.0002169844090851211,0.0002169844090851211,0.0002169844090851211,0.0002169844090851211,0.0,0.0,0.0,0.0,0.0,0.9997830155909149,0.9997830155909149,0.9997830155909149,0.9997830155909149,0.9997830155909149
11.0,0.9997830155909149,0.9997830155909149,0.9997830155909149,0.9997830155909149,0.9997830155909149,0.0002169844090851211,0.0002169844090851211,0.0002169844090851211,0.0002169844090851211,0.0002169844090851211,0.0,0.0,0.0,0.0,0.0,0.9997830155909149,0.9997830155909149,0.9997830155909149,0.9997830155909149,0.9997830155909149
11.25,0.9997830155909149,0.9997830155909149,0.9997830155909149,0.9997830155909149,0.9997830155909149,0.0002169844090851211,0.0002169844090851211,0.0002169844090851211,0.0002169844090851211,0.0002169844090851211,0.0,0.0,0.0,0.0,0.0,0.9997830155909149,0.9997830155909149,0.9997830155909149,0.9997830155909149,0.9997830155909149
11.5,0.9997830155909149,0.9997830155909149,0.9997830155909149,0.9997830155909149,0.9997830155909149,0.0002169844090851211,0.0002169844090851211,0.0002169844090851211,0.0002169844090851211,0.0002169844090851211,0.0,0.0,0.0,0.0,0.0,0.9997830155909149,0.9997830155909149,0.9997830155909149,0.9997830155909149,0.9997830155909149
11.75,0.9997830155909149,0.9997830155909149,0.9997830155909149,0.9997830155909149,0.9997830155909149,0.0002169844090851211,0.0002169844090851211,0.0002169844090851211,0.0002169844090851211,0.0002169844090851211,0.0,0.0,0.0,0.0,0.0,0.9997830155909149,0.9997830155909149,0.9997830155909149,0.9997830155909149,0.9997830155909149
12.0,0.9997830155909149,0.9997830155909149,0.9997830155909149,0.9997830155909149,0.9997830155909149,0.0002169844090851211,0.0002169844090851211,0.0002169844090851211,0.0002169844090851211,0.0002169844090851211,0.0,0.0,0.0,0.0,0.0,0.9997830155909149,0.9997830155909149,0.9997830155909149,0.9997830155909149,0.9997830155909149
12.25,0.9997830155909149,0.9997830155909149,0.9997830155909149,0.9997830155909149,0.9997830155909149,0.0002169844090851211,0.0002169844090851211,0.0002169844090851211,0.0002169844090851211,0.0002169844090851211,0.0,0.0,0.0,0.0,0.0,0.9997830155909149,0.9997830155909149,0.9997830155909149,0.9997830155909149,0.9997830155909149
12.5,0.9997830155909149,0.9997830155909149,0.9997830155909149,0.9997830155909149,0.9997830155909149,0.0002169844090851211,0.0002169844090851211,0.0002169844090851211,0.0002169844090851211,0.0002169844090851211,0.0,0.0,0.0,0.0,0.0,0.9997830155909149,0.9997830155909149,0.9997830155909149,0.9997830155909149,0.9997830155909149
12.75,0.9997830155909149,0.9997830155909149,0.9997830155909149,0.9997830155909149,0.9997830155909149,0.0002169844090851211,0.0002169844090851211,0.0002169844090851211,0.0002169844090851211,0.0002169844090851211,0.0,0.0,0.0,0.0,0.0,0.9997830155909149,0.9997830155909149,0.9997830155909149,0.9997830155909149,0.9997830155909149
13.0,0.9997830155909149,0.9997830155909149,0.9997830155909149,0.9997830155909149,0.9997830155909149,0.0002169844090851211,0.0002169844090851211,0.0002169844090851211,0.0002169844090851211,0.0002169844090851211,0.0,0.0,0.0,0.0,0.0,0.9997830155909149,0.9997830155909149,0.9997830155909149,0.9997830155909149,0.9997830155909149
13.25,0.9997830155909149,0.9997830155909149,0.9997830155909149,0.9997830155909149,0.9997830155909149,0.0002169844090851211,0.0002169844090851211,0.0002169844090851211,0.0002169844090851211,0.0002169844090851211,0.0,0.0,0.0,0.0,0.0,0.9997830155909149,0.9997830155909149,0.9997830155909149,0.9997830155909149,0.9997830155909149
13.5,0.9997830155909149,0.9997830155909149,0.9997830155909149,0.9997830155909149,0.9997830155909149,0.0002169844090851211,0.0002169844090851211,0.0002169844090851211,0.0002169844090851211,0.0002169844090851211,0.0,0.0,0.0,0.0,0.0,0.9997830155909149,0.9997830155909149,0.9997830155909149,0.9997830155909149,0.9997830155909149
13.75,0.9997830155909149,0.9997830155909149,0.9997830155909149,0.9997830155909149,0.9997830155909149,0.0002169844090851211,0.0002169844090851211,0.0002169844090851211,0.0002169844090851211,0.0002169844090851211,0.0,0.0,0.0,0.0,0.0,0.9997830155909149,0.9997830155909149,0.9997830155909149,0.9997830155909149,0.9997830155909149
14.0,0.9997830155909149,0.9997830155909149,0.9997830155909149,0.9997830155909149,0.9997830155909149,0.0002169844090851211,0.0002169844090851211,0.0002169844090851211,0.0002169844090851211,0.0002169844090851211,0.0,0.0,0.0,0.0,0.0,0.9997830155909149,0.9997830155909149,0.9997830155909149,0.9997830155909149,0.9997830155909149
14.25,0.9997830155909149,0.9997830155909149,0.9997830155909149,0.9997830155909149,0.9997830155909149,0.0002169844090851211,0.0002169844090851211,0.0002169844090851211,0.0002169844090851211,0.0002169844090851211,0.0,0.0,0.0,0.0,0.0,0.9997830155909149,0.9997830155909149,0.9997830155909149,0.9997830155909149,0.9997830155909149
14.5,0.9997830155909149,0.9997830155909149,0.9997830155909149,0.9997830155909149,0.9997830155909149,0.0002169844090851211,0.0002169844090851211,0.0002169844090851211,0.0002169844090851211,0.0002169844090851211,0.0,0.0,0.0,0.0,0.0,0.9997830155909149,0.9997830155909149,0.9997830155909149,0.9997830155909149,0.9997830155909149
14.75,0.9997830155909149,0.9997830155909149,0.9997830155909149,0.9997830155909149,0.9997830155909149,0.0002169844090851211,0.0002169844090851211,0.0002169844090851211,0.0002169844090851211,0.0002169844090851211,0.0,0.0,0.0,0.0,0.0,0.9997830155909149,0.9997830155909149,0.9997830155909149,0.9997830155909149,0.9997830155909149
15.0,0.9997830155909149,0.9997830155909149,0.9997830155909149,0.9997830155909149,0.9997830155909149,0.0002169844090851211,0.0002169844090851211,0.0002169844090851211,0.0002169844090851211,0.0002169844090851211,0.0,0.0,0.0,0.0,0.0,0.9997830155909149,0.9997830155909149,0.9997830155909149,0.9997830155909149,0.9997830155909149
15.25,0.9997830155909149,0.9997830155909149,0.9997830155909149,0.9997830155909149,0.9997830155909149,0.0002169844090851211,0.0002169844090851211,0.0002169844090851211,0.0002169844090851211,0.0002169844090851211,0.0,0.0,0.0,0.0,0.0,0.9997830155909149,0.9997830155909149,0.9997830155909149,0.9997830155909149,0.9997830155909149
15.5,0.9997830155909149,0.9997830155909149,0.9997830155909149,0.9997830155909149,0.9997830155909149,0.0002169844090851211,0.0002169844090851211,0.0002169844090851211,0.0002169844090851211,0.0002169844090851211,0.0,0.0,0.0,0.0,0.0,0.9997830155909149,0.9997830155909149,0.9997830155909149,0.9997830155909149,0.9997830155909149
15.75,0.9997830155909149,0.9997830155909149,0.9997830155909149,0.9997830155909149,0.9997830155909149,0.0002169844090851211,0.0002169844090851211,0.0002169844090851211,0.0002169844090851211,0.0002169844090851211,0.0,0.0,0.0,0.0,0.0,0.9997830155909149,0.9997830155909149,0.9997830155909149,0.9997830155909149,0.9997830155909149
16.0,0.9997830155909149,0.9997830155909149,0.9997830155909149,0.9997830155909149,0.9997830155909149,0.0002169844090851211,0.0002169844090851211,0.0002169844090851211,0.0002169844090851211,0.0002169844090851211,0.0,0.0,0.0,0.0,0.0,0.9997830155909149,0.9997830155909149,0.9997830155909149,0.9997830155909149,0.9997830155909149
16.25,0.9997830155909149,0.9997830155909149,0.9997830155909149,0.9997830155909149,0.9997830155909149,0.0002169844090851211,0.0002169844090851211,0.0002169844090851211,0.0002169844090851211,0.0002169844090851211,0.0,0.0,0.0,0.0,0.0,0.9997830155909149,0.9997830155909149,0.9997830155909149,0.9997830155909149,0.9997830155909149
16.5,0.9997830155909149,0.9997830155909149,0.9997830155909149,0.9997830155909149,0.9997830155909149,0.0002169844090851211,0.0002169844090851211,0.0002169844090851211,0.0002169844090851211,0.0002169844090851211,0.0,0.0,0.0,0.0,0.0,0.9997830155909149,0.9997830155909149,0.9997830155909149,0.9997830155909149,0.9997830155909149
16.75,0.9997830155909149,0.9997830155909149,0.9997830155909149,0.9997830155909149,0.9997830155909149,0.0002169844090851211,0.0002169844090851211,0.0002169844090851211,0.0002169844090851211,0.0002169844090851211,0.0,0.0,0.0,0.0,0.0,0.9997830155909149,0.9997830155909149,0.9997830155909149,0.9997830155909149,0.9997830155909149
17.0,0.9997830155909149,0.9997830155909149,0.9997830155909149,0.9997830155909149,0.9997830155909149,0.0002169844090851211,0.0002169844090851211,0.0002169844090851211,0.0002169844090851211,0.0002169844090851211,0.0,0.0,0.0,0.0,0.0,0.9997830155909149,0.9997830155909149,0.9997830155909149,0.9997830155909149,0.9997830155909149
17.25,0.9997830155909149,0.9997830155909149,0.9997830155909149,0.9997830155909149,0.9997830155909149,0.0002169844090851211,0.0002169844090851211,0.0002169844090851211,0.0002169844090851211,0.0002169844090851211,0.0,0.0,0.0,0.0,0.0,0.9997830155909149,0.9997830155909149,0.9997830155909149,0.9997830155909149,0.9997830155909149
17.5,0.9997830155909149,0.9997830155909149,0.9997830155909149,0.9997830155909149,0.9997830155909149,0.0002169844090851211,0.0002169844090851211,0.0002169844090851211,0.0002169844090851211,0.0002169844090851211,0.0,0.0,0.0,0.0,0.0,0.9997830155909149,0.9997830155909149,0.9997830155909149,0.9997830155909149,0.9997830155909149
17.75,0.9997830155909149,0.9997830155909149,0.9997830155909149,0.9997830155909149,0.9997830155909149,0.0002169844090851211,0.0002169844090851211,0.0002169844090851211,0.0002169844090851211,0.0002169844090851211,0.0,0.0,0.0,0.0,0.0,0.9997830155909149,0.9997830155909149,0.9997830155909149,0.9997830155909149,0.9997830155909149
18.0,0.9997830155909149,0.9997830155909149,0.9997830155909149,0.9997830155909149,0.9997830155909149,0.0002169844090851211,0.0002169844090851211,0.0002169844090851211,0.0002169844090851211,0.0002169844090851211,0.0,0.0,0.0,0.0,0.0,0.9997830155909149,0.9997830155909149,0.9997830155909149,0.9997830155909149,0.9997830155909149
18.25,0.9997830155909149,0.9997830155909149,0.9997830155909149,0.9997830155909149,0.9997830155909149,0.0002169844090851211,0.0002169844090851211,0.0002169844090851211,0.0002169844090851211,0.0002169844090851211,0.0,0.0,0.0,0.0,0.0,0.9997830155909149,0.9997830155909149,0.9997830155909149,0.9997830155909149,0.9997830155909149
18.5,0.9997830155909149,0.9997830155909149,0.9997830155909149,0.9997830155909149,0.9997830155909149,0.0002169844090851211,0.0002169844090851211,0.0002169844090851211,0.0002169844090851211,0.0002169844090851211,0.0,0.0,0.0,0.0,0.0,0.9997830155909149,0.9997830155909149,0.9997830155909149,0.9997830155909149,0.9997830155909149
18.75,0.9997830155909149,0.9997830155909149,0.9997830155909149,0.9997830155909149,0.9997830155909149,0.0002169844090851211,0.0002169844090851211,0.0002169844090851211,0.0002169844090851211,0.0002169844090851211,0.0,0.0,0.0,0.0,0.0,0.9997830155909149,0.9997830155909149,0.9997830155909149,0.9997830155909149,0.9997830155909149
19.0,0.9997830155909149,0.9997830155909149,0.9997830155909149,0.9997830155909149,0.9997830155909149,0.0002169844090851211,0.0002169844090851211,0.0002169844090851211,0.0002169844090851211,0.0002169844090851211,0.0,0.0,0.0,0.0,0.0,0.9997830155909149,0.9997830155909149,0.9997830155909149,0.9997830155909149,0.9997830155909149
19.25,0.9997830155909149,0.9997830155909149,0.9997830155909149,0.9997830155909149,0.9997830155909149,0.0002169844090851211,0.0002169844090851211,0.0002169844090851211,0.0002169844090851211,0.0002169844090851211,0.0,0.0,0.0,0.0,0.0,0.9997830155909149,0.9997830155909149,0.9997830155909149,0.9997830155909149,0.9997830155909149
19.5,0.9997830155909149,0.9997830155909149,0.9997830155909149,0.9997830155909149,0.9997830155909149,0.0002169844090851211,0.0002169844090851211,0.0002169844090851211,0.0002169844090851211,0.0002169844090851211,0.0,0.0,0.0,0.0,0.0,0.9997830155909149,0.9997830155909149,0.9997830155909149,0.9997830155909149,0.9997830155909149
19.75,0.9997830155909149,0.9997830155909149,0.9997830155909149,0.9997830155909149,0.9997830155909149,0.0002169844090851211,0.0002169844090851211,0.0002169844090851211,0.0002169844090851211,0.0002169844090851211,0.0,0.0,0.0,0.0,0.0,0.9997830155909149,0.9997830155909149,0.9997830155909149,0.9997830155909149,0.9997830155909149
20.0,0.9997830155909149,0.9997830155909149,0.9997830155909149,0.9997830155909149,0.9997830155909149,0.0002169844090851211,0.0002169844090851211,0.0002169844090851211,0.0002169844090851211,0.0002169844090851211,0.0,0.0,0.0,0.0,0.0,0.9997830155909149,0.9997830155909149,0.9997830155909149,0.9997830155909149,0.9997830155909149
20.25,0.9997830155909149,0.9997830155909149,0.9997830155909149,0.9997830155909149,0.9997830155909149,0.0002169844090851211,0.0002169844090851211,0.0002169844090851211,0.0002169844090851211,0.0002169844090851211,0.0,0.0,0.0,0.0,0.0,0.9997830155909149,0.9997830155909149,0.9997830155909149,0.9997830155909149,0.9997830155909149
20.5,0.9997830155909149,0.9997830155909149,0.9997830155909149,0.9997830155909149,0.9997830155909149,0.0002169844090851211,0.0002169844090851211,0.0002169844090851211,0.0002169844090851211,0.0002169844090851211,0.0,0.0,0.0,0.0,0.0,0.9997830155909149,0.9997830155909149,0.9997830155909149,0.9997830155909149,0.9997830155909149
20.75,0.9997830155909149,0.9997830155909149,0.9997830155909149,0.9997830155909149,0.9997830155909149,0.0002169844090851211,0.0002169844090851211,0.0002169844090851211,0.0002169844090851211,0.0002169844090851211,0.0,0.0,0.0,0.0,0.0,0.9997830155909149,0.9997830155909149,0.9997830155909149,0.9997830155909149,0.9997830155909149
21.0,0.9997830155909149,0.9997830155909149,0.9997830155909149,0.9997830155909149,0.9997830155909149,0.0002169844090851211,0.0002169844090851211,0.0002169844090851211,0.0002169844090851211,0.0002169844090851211,0.0,0.0,0.0,0.0,0.0,0.9997830155909149,0.9997830155909149,0.9997830155909149,0.9997830155909149,0.9997830155909149
21.25,0.9997830155909149,0.9997830155909149,0.9997830155909149,0.9997830155909149,0.9997830155909149,0.0002169844090851211,0.0002169844090851211,0.0002169844090851211,0.0002169844090851211,0.0002169844090851211,0.0,0.0,0.0,0.0,0.0,0.9997830155909149,0.9997830155909149,0.9997830155909149,0.9997830155909149,0.9997830155909149
21.5,0.9997830155909149,0.9997830155909149,0.9997830155909149,0.9997830155909149,0.9997830155909149,0.0002169844090851211,0.0002169844090851211,0.0002169844090851211,0.0002169844090851211,0.0002169844090851211,0.0,0.0,0.0,0.0,0.0,0.9997830155909149,0.9997830155909149,0.9997830155909149,0.9997830155909149,0.9997830155909149
21.75,0.9997830155909149,0.9997830155909149,0.9997830155909149,0.9997830155909149,0.9997830155909149,0.0002169844090851211,0.0002169844090851211,0.0002169844090851211,0.0002169844090851211,0.0002169844090851211,0.0,0.0,0.0,0.0,0.0,0.9997830155909149,0.9997830155909149,0.9997830155909149,0.9997830155909149,0.9997830155909149
22.0,0.9997830155909149,0.9997830155909149,0.9997830155909149,0.9997830155909149,0.9997830155909149,0.0002169844090851211,0.0002169844090851211,0.0002169844090851211,0.0002169844090851211,0.0002169844090851211,0.0,0.0,0.0,0.0,0.0,0.9997830155909149,0.9997830155909149,0.9997830155909149,0.9997830155909149,0.9997830155909149
22.25,0.9997830155909149,0.9997830155909149,0.9997830155909149,0.9997830155909149,0.9997830155909149,0.0002169844090851211,0.0002169844090851211,0.0002169844090851211,0.0002169844090851211,0.0002169844090851211,0.0,0.0,0.0,0.0,0.0,0.9997830155909149,0.9997830155909149,0.9997830155909149,0.9997830155909149,0.9997830155909149
22.5,0.9997830155909149,0.9997830155909149,0.9997830155909149,0.9997830155909149,0.9997830155909149,0.0002169844090851211,0.0002169844090851211,0.0002169844090851211,0.0002169844090851211,0.0002169844090851211,0.0,0.0,0.0,0.0,0.0,0.9997830155909149,0.9997830155909149,0.9997830155909149,0.9997830155909149,0.9997830155909149
22.75,0.9997830155909149,0.9997830155909149,0.9997830155909149,0.9997830155909149,0.9997830155909149,0.0002169844090851211,0.0002169844090851211,0.0002169844090851211,0.0002169844090851211,0.0002169844090851211,0.0,0.0,0.0,0.0,0.0,0.9997830155909149,0.9997830155909149,0.9997830155909149,0.9997830155909149,0.9997830155909149
23.0,0.9997830155909149,0.9997830155909149,0.9997830155909149,0.9997830155909149,0.9997830155909149,0.0002169844090851211,0.0002169844090851211,0.0002169844090851211,0.0002169844090851211,0.0002169844090851211,0.0,0.0,0.0,0.0,0.0,0.9997830155909149,0.9997830155909149,0.9997830155909149,0.9997830155909149,0.9997830155909149
23.25,0.9997830155909149,0.9997830155909149,0.9997830155909149,0.9997830155909149,0.9997830155909149,0.0002169844090851211,0.0002169844090851211,0.0002169844090851211,0.0002169844090851211,0.0002169844090851211,0.0,0.0,0.0,0.0,0.0,0.9997830155909149,0.9997830155909149,0.9997830155909149,0.9997830155909149,0.9997830155909149
23.5,0.9997830155909149,0.9997830155909149,0.9997830155909149,0.9997830155909149,0.9997830155909149,0.0002169844090851211,0.0002169844090851211,0.0002169844090851211,0.0002169844090851211,0.0002169844090851211,0.0,0.0,0.0,0.0,0.0,0.9997830155909149,0.9997830155909149,0.9997830155909149,0.9997830155909149,0.9997830155909149
23.75,0.9997830155909149,0.9997830155909149,0.9997830155909149,0.9997830155909149,0.9997830155909149,0.0002169844090851211,0.0002169844090851211,0.0002169844090851211,0.0002169844090851211,0.0002169844090851211,0.0,0.0,0.0,0.0,0.0,0.9997830155909149,0.9997830155909149,0.9997830155909149,0.9997830155909149,0.9997830155909149
24.0,0.9997830155909149,0.9997830155909149,0.9997830155909149,0.9997830155909149,0.9997830155909149,0.0002169844090851211,0.0002169844090851211,0.0002169844090851211,0.0002169844090851211,0.0002169844090851211,0.0,0.0,0.0,0.0,0.0,0.9997830155909149,0.9997830155909149,0.9997830155909149,0.9997830155909149,0.9997830155909149
24.25,0.9997830155909149,0.9997830155909149,0.9997830155909149,0.9997830155909149,0.9997830155909149,0.0002169844090851211,0.0002169844090851211,0.0002169844090851211,0.0002169844090851211,0.0002169844090851211,0.0,0.0,0.0,0.0,0.0,0.9997830155909149,0.9997830155909149,0.9997830155909149,0.9997830155909149,0.9997830155909149
24.5,0.9997830155909149,0.9997830155909149,0.9997830155909149,0.9997830155909149,0.9997830155909149,0.0002169844090851211,0.0002169844090851211,0.0002169844090851211,0.0002169844090851211,0.0002169844090851211,0.0,0.0,0.0,0.0,0.0,0.9997830155909149,0.9997830155909149,0.9997830155909149,0.9997830155909149,0.9997830155909149
24.75,0.9997830155909149,0.9997830155909149,0.9997830155909149,0.9997830155909149,0.9997830155909149,0.0002169844090851211,0.0002169844090851211,0.0002169844090851211,0.0002169844090851211,0.0002169844090851211,0.0,0.0,0.0,0.0,0.0,0.9997830155909149,0.9997830155909149,0.9997830155909149,0.9997830155909149,0.9997830155909149
25.0,0.9997830155909149,0.9997830155909149,0.9997830155909149,0.9997830155909149,0.9997830155909149,0.0002169844090851211,0.0002169844090851211,0.0002169844090851211,0.0002169844090851211,0.0002169844090851211,0.0,0.0,0.0,0.0,0.0,0.9997830155909149,0.9997830155909149,0.9997830155909149,0.9997830155909149,0.9997830155909149
25.25,0.9997830155909149,0.9997830155909149,0.9997830155909149,0.9997830155909149,0.9997830155909149,0.0002169844090851211,0.0002169844090851211,0.0002169844090851211,0.0002169844090851211,0.0002169844090851211,0.0,0.0,0.0,0.0,0.0,0.9997830155909149,0.9997830155909149,0.9997830155909149,0.9997830155909149,0.9997830155909149
25.5,0.9997830155909149,0.9997830155909149,0.9997830155909149,0.9997830155909149,0.9997830155909149,0.0002169844090851211,0.0002169844090851211,0.0002169844090851211,0.0002169844090851211,0.0002169844090851211,0.0,0.0,0.0,0.0,0.0,0.9997830155909149,0.9997830155909149,0.9997830155909149,0.9997830155909149,0.9997830155909149
25.75,0.9997830155909149,0.9997830155909149,0.9997830155909149,0.9997830155909149,0.9997830155909149,0.0002169844090851211,0.0002169844090851211,0.0002169844090851211,0.0002169844090851211,0.0002169844090851211,0.0,0.0,0.0,0.0,0.0,0.9997830155909149,0.9997830155909149,0.9997830155909149,0.9997830155909149,0.9997830155909149
26.0,0.9997830155909149,0.9997830155909149,0.9997830155909149,0.9997830155909149,0.9997830155909149,0.0002169844090851211,0.0002169844090851211,0.0002169844090851211,0.0002169844090851211,0.0002169844090851211,0.0,0.0,0.0,0.0,0.0,0.9997830155909149,0.9997830155909149,0.9997830155909149,0.9997830155909149,0.9997830155909149
26.25,0.9997830155909149,0.9997830155909149,0.9997830155909149,0.9997830155909149,0.9997830155909149,0.0002169844090851211,0.0002169844090851211,0.0002169844090851211,0.0002169844090851211,0.0002169844090851211,0.0,0.0,0.0,0.0,0.0,0.9997830155909149,0.9997830155909149,0.9997830155909149,0.9997830155909149,0.9997830155909149
26.5,0.9997830155909149,0.9997830155909149,0.9997830155909149,0.9997830155909149,0.9997830155909149,0.0002169844090851211,0.0002169844090851211,0.0002169844090851211,0.0002169844090851211,0.0002169844090851211,0.0,0.0,0.0,0.0,0.0,0.9997830155909149,0.9997830155909149,0.9997830155909149,0.9997830155909149,0.9997830155909149
26.75,0.9997830155909149,0.9997830155909149,0.9997830155909149,0.9997830155909149,0.9997830155909149,0.0002169844090851211,0.0002169844090851211,0.0002169844090851211,0.0002169844090851211,0.0002169844090851211,0.0,0.0,0.0,0.0,0.0,0.9997830155909149,0.9997830155909149,0.9997830155909149,0.9997830155909149,0.9997830155909149
27.0,0.9997830155909149,0.9997830155909149,0.9997830155909149,0.9997830155909149,0.9997830155909149,0.0002169844090851211,0.0002169844090851211,0.0002169844090851211,0.0002169844090851211,0.0002169844090851211,0.0,0.0,0.0,0.0,0.0,0.9997830155909149,0.9997830155909149,0.9997830155909149,0.9997830155909149,0.9997830155909149
27.25,0.9997830155909149,0.9997830155909149,0.9997830155909149,0.9997830155909149,0.9997830155909149,0.0002169844090851211,0.0002169844090851211,0.0002169844090851211,0.0002169844090851211,0.0002169844090851211,0.0,0.0,0.0,0.0,0.0,0.9997830155909149,0.9997830155909149,0.9997830155909149,0.9997830155909149,0.9997830155909149
27.5,0.9997830155909149,0.9997830155909149,0.9997830155909149,0.9997830155909149,0.9997830155909149,0.0002169844090851211,0.0002169844090851211,0.0002169844090851211,0.0002169844090851211,0.0002169844090851211,0.0,0.0,0.0,0.0,0.0,0.9997830155909149,0.9997830155909149,0.9997830155909149,0.9997830155909149,0.9997830155909149
27.75,0.9997830155909149,0.9997830155909149,0.9997830155909149,0.9997830155909149,0.9997830155909149,0.0002169844090851211,0.0002169844090851211,0.0002169844090851211,0.0002169844090851211,0.0002169844090851211,0.0,0.0,0.0,0.0,0.0,0.9997830155909149,0.9997830155909149,0.9997830155909149,0.9997830155909149,0.9997830155909149
28.0,0.9997830155909149,0.9997830155909149,0.9997830155909149,0.9997830155909149,0.9997830155909149,0.0002169844090851211,0.0002169844090851211,0.0002169844090851211,0.0002169844090851211,0.0002169844090851211,0.0,0.0,0.0,0.0,0.0,0.9997830155909149,0.9997830155909149,0.9997830155909149,0.9997830155909149,0.9997830155909149
28.25,0.9997830155909149,0.9997830155909149,0.9997830155909149,0.9997830155909149,0.9997830155909149,0.0002169844090851211,0.0002169844090851211,0.0002169844090851211,0.0002169844090851211,0.0002169844090851211,0.0,0.0,0.0,0.0,0.0,0.9997830155909149,0.9997830155909149,0.9997830155909149,0.9997830155909149,0.9997830155909149
28.5,0.9997830155909149,0.9997830155909149,0.9997830155909149,0.9997830155909149,0.9997830155909149,0.0002169844090851211,0.0002169844090851211,0.0002169844090851211,0.0002169844090851211,0.0002169844090851211,0.0,0.0,0.0,0.0,0.0,0.9997830155909149,0.9997830155909149,0.9997830155909149,0.9997830155909149,0.9997830155909149
28.75,0.9997830155909149,0.9997830155909149,0.9997830155909149,0.9997830155909149,0.9997830155909149,0.0002169844090851211,0.0002169844090851211,0.0002169844090851211,0.0002169844090851211,0.0002169844090851211,0.0,0.0,0.0,0.0,0.0,0.9997830155909149,0.9997830155909149,0.9997830155909149,0.9997830155909149,0.9997830155909149
29.0,0.9997830155909149,0.9997830155909149,0.9997830155909149,0.9997830155909149,0.9997830155909149,0.0002169844090851211,0.0002169844090851211,0.0002169844090851211,0.0002169844090851211,0.0002169844090851211,0.0,0.0,0.0,0.0,0.0,0.9997830155909149,0.9997830155909149,0.9997830155909149,0.9997830155909149,0.9997830155909149
29.25,0.9997830155909149,0.9997830155909149,0.9997830155909149,0.9997830155909149,0.9997830155909149,0.0002169844090851211,0.0002169844090851211,0.0002169844090851211,0.0002169844090851211,0.0002169844090851211,0.0,0.0,0.0,0.0,0.0,0.9997830155909149,0.9997830155909149,0.9997830155909149,0.9997830155909149,0.9997830155909149
29.5,0.9997830155909149,0.9997830155909149,0.9997830155909149,0.9997830155909149,0.9997830155909149,0.0002169844090851211,0.0002169844090851211,0.0002169844090851211,0.0002169844090851211,0.0002169844090851211,0.0,0.0,0.0,0.0,0.0,0.9997830155909149,0.9997830155909149,0.9997830155909149,0.9997830155909149,0.9997830155909149
29.75,0.9997830155909149,0.9997830155909149,0.9997830155909149,0.9997830155909149,0.9997830155909149,0.0002169844090851211,0.0002169844090851211,0.0002169844090851211,0.0002169844090851211,0.0002169844090851211,0.0,0.0,0.0,0.0,0.0,0.9997830155909149,0.9997830155909149,0.9997830155909149,0.9997830155909149,0.9997830155909149
30.0,0.9997830155909149,0.9997830155909149,0.9997830155909149,0.9997830155909149,0.9997830155909149,0.0002169844090851211,0.0002169844090851211,0.0002169844090851211,0.0002169844090851211,0.0002169844090851211,0.0,0.0,0.0,0.0,0.0,0.9997830155909149,0.9997830155909149,0.9997830155909149,0.9997830155909149,0.9997830155909149
30.25,0.9997830155909149,0.9997830155909149,0.9997830155909149,0.9997830155909149,0.9997830155909149,0.0002169844090851211,0.0002169844090851211,0.0002169844090851211,0.0002169844090851211,0.0002169844090851211,0.0,0.0,0.0,0.0,0.0,0.9997830155909149,0.9997830155909149,0.9997830155909149,0.9997830155909149,0.9997830155909149
30.5,0.9997830155909149,0.9997830155909149,0.9997830155909149,0.9997830155909149,0.9997830155909149,0.0002169844090851211,0.0002169844090851211,0.0002169844090851211,0.0002169844090851211,0.0002169844090851211,0.0,0.0,0.0,0.0,0.0,0.9997830155909149,0.9997830155909149,0.9997830155909149,0.9997830155909149,0.9997830155909149
30.75,0.9997830155909149,0.9997830155909149,0.9997830155909149,0.9997830155909149,0.9997830155909149,0.0002169844090851211,0.0002169844090851211,0.0002169844090851211,0.0002169844090851211,0.0002169844090851211,0.0,0.0,0.0,0.0,0.0,0.9997830155909149,0.9997830155909149,0.9997830155909149,0.9997830155909149,0.9997830155909149
31.0,0.9997830155909149,0.9997830155909149,0.9997830155909149,0.9997830155909149,0.9997830155909149,0.0002169844090851211,0.0002169844090851211,0.0002169844090851211,0.0002169844090851211,0.0002169844090851211,0.0,0.0,0.0,0.0,0.0,0.9997830155909149,0.9997830155909149,0.9997830155909149,0.9997830155909149,0.9997830155909149
31.25,0.9997830155909149,0.9997830155909149,0.9997830155909149,0.9997830155909149,0.9997830155909149,0.0002169844090851211,0.0002169844090851211,0.0002169844090851211,0.0002169844090851211,0.0002169844090851211,0.0,0.0,0.0,0.0,0.0,0.9997830155909149,0.9997830155909149,0.9997830155909149,0.9997830155909149,0.9997830155909149
31.5,0.9997830155909149,0.9997830155909149,0.9997830155909149,0.9997830155909149,0.9997830155909149,0.0002169844090851211,0.0002169844090851211,0.0002169844090851211,0.0002169844090851211,0.0002169844090851211,0.0,0.0,0.0,0.0,0.0,0.9997830155909149,0.9997830155909149,0.9997830155909149,0.9997830155909149,0.9997830155909149
31.75,0.9997830155909149,0.9997830155909149,0.9997830155909149,0.9997830155909149,0.9997830155909149,0.0002169844090851211,0.0002169844090851211,0.0002169844090851211,0.0002169844090851211,0.0002169844090851211,0.0,0.0,0.0,0.0,0.0,0.9997830155909149,0.9997830155909149,0.9997830155909149,0.9997830155909149,0.9997830155909149
32.0,0.9997830155909149,0.9997830155909149,0.9997830155909149,0.9997830155909149,0.9997830155909149,0.0002169844090851211,0.0002169844090851211,0.0002169844090851211,0.0002169844090851211,0.0002169844090851211,0.0,0.0,0.0,0.0,0.0,0.9997830155909149,0.9997830155909149,0.9997830155909149,0.9997830155909149,0.9997830155909149
32.25,0.9997830155909149,0.9997830155909149,0.9997830155909149,0.9997830155909149,0.9997830155909149,0.0002169844090851211,0.0002169844090851211,0.0002169844090851211,0.0002169844090851211,0.0002169844090851211,0.0,0.0,0.0,0.0,0.0,0.9997830155909149,0.9997830155909149,0.9997830155909149,0.9997830155909149,0.9997830155909149
32.5,0.9997830155909149,0.9997830155909149,0.9997830155909149,0.9997830155909149,0.9997830155909149,0.0002169844090851211,0.0002169844090851211,0.0002169844090851211,0.0002169844090851211,0.0002169844090851211,0.0,0.0,0.0,0.0,0.0,0.9997830155909149,0.9997830155909149,0.9997830155909149,0.9997830155909149,0.9997830155909149
32.75,0.9997830155909149,0.9997830155909149,0.9997830155909149,0.9997830155909149,0.9997830155909149,0.0002169844090851211,0.0002169844090851211,0.0002169844090851211,0.0002169844090851211,0.0002169844090851211,0.0,0.0,0.0,0.0,0.0,0.9997830155909149,0.9997830155909149,0.9997830155909149,0.9997830155909149,0.9997830155909149
33.0,0.9997830155909149,0.9997830155909149,0.9997830155909149,0.9997830155909149,0.9997830155909149,0.0002169844090851211,0.0002169844090851211,0.0002169844090851211,0.0002169844090851211,0.0002169844090851211,0.0,0.0,0.0,0.0,0.0,0.9997830155909149,0.9997830155909149,0.9997830155909149,0.9997830155909149,0.9997830155909149
33.25,0.9997830155909149,0.9997830155909149,0.9997830155909149,0.9997830155909149,0.9997830155909149,0.0002169844090851211,0.0002169844090851211,0.0002169844090851211,0.0002169844090851211,0.0002169844090851211,0.0,0.0,0.0,0.0,0.0,0.9997830155909149,0.9997830155909149,0.9997830155909149,0.9997830155909149,0.9997830155909149
33.5,0.9997830155909149,0.9997830155909149,0.9997830155909149,0.9997830155909149,0.9997830155909149,0.0002169844090851211,0.0002169844090851211,0.0002169844090851211,0.0002169844090851211,0.0002169844090851211,0.0,0.0,0.0,0.0,0.0,0.9997830155909149,0.9997830155909149,0.9997830155909149,0.9997830155909149,0.9997830155909149
33.75,0.9997830155909149,0.9997830155909149,0.9997830155909149,0.9997830155909149,0.9997830155909149,0.0002169844090851211,0.0002169844090851211,0.0002169844090851211,0.0002169844090851211,0.0002169844090851211,0.0,0.0,0.0,0.0,0.0,0.9997830155909149,0.9997830155909149,0.9997830155909149,0.9997830155909149,0.9997830155909149
34.0,0.9997830155909149,0.9997830155909149,0.9997830155909149,0.9997830155909149,0.9997830155909149,0.0002169844090851211,0.0002169844090851211,0.0002169844090851211,0.0002169844090851211,0.0002169844090851211,0.0,0.0,0.0,0.0,0.0,0.9997830155909149,0.9997830155909149,0.9997830155909149,0.9997830155909149,0.9997830155909149
34.25,0.9997830155909149,0.9997830155909149,0.9997830155909149,0.9997830155909149,0.9997830155909149,0.0002169844090851211,0.0002169844090851211,0.0002169844090851211,0.0002169844090851211,0.0002169844090851211,0.0,0.0,0.0,0.0,0.0,0.9997830155909149,0.9997830155909149,0.9997830155909149,0.9997830155909149,0.9997830155909149
34.5,0.9997830155909149,0.9997830155909149,0.9997830155909149,0.9997830155909149,0.9997830155909149,0.0002169844090851211,0.0002169844090851211,0.0002169844090851211,0.0002169844090851211,0.0002169844090851211,0.0,0.0,0.0,0.0,0.0,0.9997830155909149,0.9997830155909149,0.9997830155909149,0.9997830155909149,0.9997830155909149
34.75,0.9997830155909149,0.9997830155909149,0.9997830155909149,0.9997830155909149,0.9997830155909149,0.0002169844090851211,0.0002169844090851211,0.0002169844090851211,0.0002169844090851211,0.0002169844090851211,0.0,0.0,0.0,0.0,0.0,0.9997830155909149,0.9997830155909149,0.9997830155909149,0.9997830155909149,0.9997830155909149
35.0,0.9997830155909149,0.9997830155909149,0.9997830155909149,0.9997830155909149,0.9997830155909149,0.0002169844090851211,0.0002169844090851211,0.0002169844090851211,0.0002169844090851211,0.0002169844090851211,0.0,0.0,0.0,0.0,0.0,0.9997830155909149,0.9997830155909149,0.9997830155909149,0.9997830155909149,0.9997830155909149
35.25,0.9997830155909149,0.9997830155909149,0.9997830155909149,0.9997830155909149,0.9997830155909149,0.0002169844090851211,0.0002169844090851211,0.0002169844090851211,0.0002169844090851211,0.0002169844090851211,0.0,0.0,0.0,0.0,0.0,0.9997830155909149,0.9997830155909149,0.9997830155909149,0.9997830155909149,0.9997830155909149
35.5,0.9997830155909149,0.9997830155909149,0.9997830155909149,0.9997830155909149,0.9997830155909149,0.0002169844090851211,0.0002169844090851211,0.0002169844090851211,0.0002169844090851211,0.0002169844090851211,0.0,0.0,0.0,0.0,0.0,0.9997830155909149,0.9997830155909149,0.9997830155909149,0.9997830155909149,0.9997830155909149
35.75,0.9997830155909149,0.9997830155909149,0.9997830155909149,0.9997830155909149,0.9997830155909149,0.0002169844090851211,0.0002169844090851211,0.0002169844090851211,0.0002169844090851211,0.0002169844090851211,0.0,0.0,0.0,0.0,0.0,0.9997830155909149,0.9997830155909149,0.9997830155909149,0.9997830155909149,0.9997830155909149
36.0,0.9997830155909149,0.9997830155909149,0.9997830155909149,0.9997830155909149,0.9997830155909149,0.0002169844090851211,0.0002169844090851211,0.0002169844090851211,0.0002169844090851211,0.0002169844090851211,0.0,0.0,0.0,0.0,0.0,0.9997830155909149,0.9997830155909149,0.9997830155909149,0.9997830155909149,0.9997830155909149
36.25,0.9997830155909149,0.9997830155909149,0.9997830155909149,0.9997830155909149,0.9997830155909149,0.0002169844090851211,0.0002169844090851211,0.0002169844090851211,0.0002169844090851211,0.0002169844090851211,0.0,0.0,0.0,0.0,0.0,0.9997830155909149,0.9997830155909149,0.9997830155909149,0.9997830155909149,0.9997830155909149
36.5,0.9997830155909149,0.9997830155909149,0.9997830155909149,0.9997830155909149,0.9997830155909149,0.0002169844090851211,0.0002169844090851211,0.0002169844090851211,0.0002169844090851211,0.0002169844090851211,0.0,0.0,0.0,0.0,0.0,0.9997830155909149,0.9997830155909149,0.9997830155909149,0.9997830155909149,0.9997830155909149
36.75,0.9997830155909149,0.9997830155909149,0.9997830155909149,0.9997830155909149,0.9997830155909149,0.0002169844090851211,0.0002169844090851211,0.0002169844090851211,0.0002169844090851211,0.0002169844090851211,0.0,0.0,0.0,0.0,0.0,0.9997830155909149,0.9997830155909149,0.9997830155909149,0.9997830155909149,0.9997830155909149
37.0,0.9997830155909149,0.9997830155909149,0.9997830155909149,0.9997830155909149,0.9997830155909149,0.0002169844090851211,0.0002169844090851211,0.0002169844090851211,0.0002169844090851211,0.0002169844090851211,0.0,0.0,0.0,0.0,0.0,0.9997830155909149,0.9997830155909149,0.9997830155909149,0.9997830155909149,0.9997830155909149
37.25,0.9997830155909149,0.9997830155909149,0.9997830155909149,0.9997830155909149,0.9997830155909149,0.0002169844090851211,0.0002169844090851211,0.0002169844090851211,0.0002169844090851211,0.0002169844090851211,0.0,0.0,0.0,0.0,0.0,0.9997830155909149,0.9997830155909149,0.9997830155909149,0.9997830155909149,0.9997830155909149
37.5,0.9997830155909149,0.9997830155909149,0.9997830155909149,0.9997830155909149,0.9997830155909149,0.0002169844090851211,0.0002169844090851211,0.0002169844090851211,0.0002169844090851211,0.0002169844090851211,0.0,0.0,0.0,0.0,0.0,0.9997830155909149,0.9997830155909149,0.9997830155909149,0.9997830155909149,0.9997830155909149
37.75,0.9997830155909149,0.9997830155909149,0.9997830155909149,0.9997830155909149,0.9997830155909149,0.0002169844090851211,0.0002169844090851211,0.0002169844090851211,0.0002169844090851211,0.0002169844090851211,0.0,0.0,0.0,0.0,0.0,0.9997830155909149,0.9997830155909149,0.9997830155909149,0.9997830155909149,0.9997830155909149
38.0,0.9997830155909149,0.9997830155909149,0.9997830155909149,0.9997830155909149,0.9997830155909149,0.0002169844090851211,0.0002169844090851211,0.0002169844090851211,0.0002169844090851211,0.0002169844090851211,0.0,0.0,0.0,0.0,0.0,0.9997830155909149,0.9997830155909149,0.9997830155909149,0.9997830155909149,0.9997830155909149
38.25,0.9997830155909149,0.9997830155909149,0.9997830155909149,0.9997830155909149,0.9997830155909149,0.0002169844090851211,0.0002169844090851211,0.0002169844090851211,0.0002169844090851211,0.0002169844090851211,0.0,0.0,0.0,0.0,0.0,0.9997830155909149,0.9997830155909149,0.9997830155909149,0.9997830155909149,0.9997830155909149
38.5,0.9997830155909149,0.9997830155909149,0.9997830155909149,0.9997830155909149,0.9997830155909149,0.0002169844090851211,0.0002169844090851211,0.0002169844090851211,0.0002169844090851211,0.0002169844090851211,0.0,0.0,0.0,0.0,0.0,0.9997830155909149,0.9997830155909149,0.9997830155909149,0.9997830155909149,0.9997830155909149
38.75,0.9997830155909149,0.9997830155909149,0.9997830155909149,0.9997830155909149,0.9997830155909149,0.0002169844090851211,0.0002169844090851211,0.0002169844090851211,0.0002169844090851211,0.0002169844090851211,0.0,0.0,0.0,0.0,0.0,0.9997830155909149,0.9997830155909149,0.9997830155909149,0.9997830155909149,0.9997830155909149
39.0,0.9997830155909149,0.9997830155909149,0.9997830155909149,0.9997830155909149,0.9997830155909149,0.0002169844090851211,0.0002169844090851211,0.0002169844090851211,0.0002169844090851211,0.0002169844090851211,0.0,0.0,0.0,0.0,0.0,0.9997830155909149,0.9997830155909149,0.9997830155909149,0.9997830155909149,0.9997830155909149
39.25,0.9997830155909149,0.9997830155909149,0.9997830155909149,0.9997830155909149,0.9997830155909149,0.0002169844090851211,0.0002169844090851211,0.0002169844090851211,0.0002169844090851211,0.0002169844090851211,0.0,0.0,0.0,0.0,0.0,0.9997830155909149,0.9997830155909149,0.9997830155909149,0.9997830155909149,0.9997830155909149
39.5,0.9997830155909149,0.9997830155909149,0.9997830155909149,0.9997830155909149,0.9997830155909149,0.0002169844090851211,0.0002169844090851211,0.0002169844090851211,0.0002169844090851211,0.0002169844090851211,0.0,0.0,0.0,0.0,0.0,0.9997830155909149,0.9997830155909149,0.9997830155909149,0.9997830155909149,0.9997830155909149
39.75,0.9997830155909149,0.9997830155909149,0.9997830155909149,0.9997830155909149,0.9997830155909149,0.0002169844090851211,0.0002169844090851211,0.0002169844090851211,0.0002169844090851211,0.0002169844090851211,0.0,0.0,0.0,0.0,0.0,0.9997830155909149,0.9997830155909149,0.9997830155909149,0.9997830155909149,0.9997830155909149
40.0,0.9997830155909149,0.9997830155909149,0.9997830155909149,0.9997830155909149,0.9997830155909149,0.0002169844090851211,0.0002169844090851211,0.0002169844090851211,0.0002169844090851211,0.0002169844090851211,0.0,0.0,0.0,0.0,0.0,0.9997830155909149,0.9997830155909149,0.9997830155909149,0.9997830155909149,0.9997830155909149
40.25,0.9997830155909149,0.9997830155909149,0.9997830155909149,0.9997830155909149,0.9997830155909149,0.0002169844090851211,0.0002169844090851211,0.0002169844090851211,0.0002169844090851211,0.0002169844090851211,0.0,0.0,0.0,0.0,0.0,0.9997830155909149,0.9997830155909149,0.9997830155909149,0.9997830155909149,0.9997830155909149
40.5,0.9997830155909149,0.9997830155909149,0.9997830155909149,0.9997830155909149,0.9997830155909149,0.0002169844090851211,0.0002169844090851211,0.0002169844090851211,0.0002169844090851211,0.0002169844090851211,0.0,0.0,0.0,0.0,0.0,0.9997830155909149,0.9997830155909149,0.9997830155909149,0.9997830155909149,0.9997830155909149
40.75,0.9997830155909149,0.9997830155909149,0.9997830155909149,0.9997830155909149,0.9997830155909149,0.0002169844090851211,0.0002169844090851211,0.0002169844090851211,0.0002169844090851211,0.0002169844090851211,0.0,0.0,0.0,0.0,0.0,0.9997830155909149,0.9997830155909149,0.9997830155909149,0.9997830155909149,0.9997830155909149
41.0,0.9997830155909149,0.9997830155909149,0.9997830155909149,0.9997830155909149,0.9997830155909149,0.0002169844090851211,0.0002169844090851211,0.0002169844090851211,0.0002169844090851211,0.0002169844090851211,0.0,0.0,0.0,0.0,0.0,0.9997830155909149,0.9997830155909149,0.9997830155909149,0.9997830155909149,0.9997830155909149
41.25,0.9997830155909149,0.9997830155909149,0.9997830155909149,0.9997830155909149,0.9997830155909149,0.0002169844090851211,0.0002169844090851211,0.0002169844090851211,0.0002169844090851211,0.0002169844090851211,0.0,0.0,0.0,0.0,0.0,0.9997830155909149,0.9997830155909149,0.9997830155909149,0.9997830155909149,0.9997830155909149
41.5,0.9997830155909149,0.9997830155909149,0.9997830155909149,0.9997830155909149,0.9997830155909149,0.0002169844090851211,0.0002169844090851211,0.0002169844090851211,0.0002169844090851211,0.0002169844090851211,0.0,0.0,0.0,0.0,0.0,0.9997830155909149,0.9997830155909149,0.9997830155909149,0.9997830155909149,0.9997830155909149
41.75,0.9997830155909149,0.9997830155909149,0.9997830155909149,0.9997830155909149,0.9997830155909149,0.0002169844090851211,0.0002169844090851211,0.0002169844090851211,0.0002169844090851211,0.0002169844090851211,0.0,0.0,0.0,0.0,0.0,0.9997830155909149,0.9997830155909149,0.9997830155909149,0.9997830155909149,0.9997830155909149
42.0,0.9997830155909149,0.9997830155909149,0.9997830155909149,0.9997830155909149,0.9997830155909149,0.0002169844090851211,0.0002169844090851211,0.0002169844090851211,0.0002169844090851211,0.0002169844090851211,0.0,0.0,0.0,0.0,0.0,0.9997830155909149,0.9997830155909149,0.9997830155909149,0.9997830155909149,0.9997830155909149
42.25,0.9997830155909149,0.9997830155909149,0.9997830155909149,0.9997830155909149,0.9997830155909149,0.0002169844090851211,0.0002169844090851211,0.0002169844090851211,0.0002169844090851211,0.0002169844090851211,0.0,0.0,0.0,0.0,0.0,0.9997830155909149,0.9997830155909149,0.9997830155909149,0.9997830155909149,0.9997830155909149
42.5,0.9997830155909149,0.9997830155909149,0.9997830155909149,0.9997830155909149,0.9997830155909149,0.0002169844090851211,0.0002169844090851211,0.0002169844090851211,0.0002169844090851211,0.0002169844090851211,0.0,0.0,0.0,0.0,0.0,0.9997830155909149,0.9997830155909149,0.9997830155909149,0.9997830155909149,0.9997830155909149
42.75,0.9997830155909149,0.9997830155909149,0.9997830155909149,0.9997830155909149,0.9997830155909149,0.0002169844090851211,0.0002169844090851211,0.0002169844090851211,0.0002169844090851211,0.0002169844090851211,0.0,0.0,0.0,0.0,0.0,0.9997830155909149,0.9997830155909149,0.9997830155909149,0.9997830155909149,0.9997830155909149
43.0,0.9997830155909149,0.9997830155909149,0.9997830155909149,0.9997830155909149,0.9997830155909149,0.0002169844090851211,0.0002169844090851211,0.0002169844090851211,0.0002169844090851211,0.0002169844090851211,0.0,0.0,0.0,0.0,0.0,0.9997830155909149,0.9997830155909149,0.9997830155909149,0.9997830155909149,0.9997830155909149
43.25,0.9997830155909149,0.9997830155909149,0.9997830155909149,0.9997830155909149,0.9997830155909149,0.0002169844090851211,0.0002169844090851211,0.0002169844090851211,0.0002169844090851211,0.0002169844090851211,0.0,0.0,0.0,0.0,0.0,0.9997830155909149,0.9997830155909149,0.9997830155909149,0.9997830155909149,0.9997830155909149
43.5,0.9997830155909149,0.9997830155909149,0.9997830155909149,0.9997830155909149,0.9997830155909149,0.0002169844090851211,0.0002169844090851211,0.0002169844090851211,0.0002169844090851211,0.0002169844090851211,0.0,0.0,0.0,0.0,0.0,0.9997830155909149,0.9997830155909149,0.9997830155909149,0.9997830155909149,0.9997830155909149
43.75,0.9997830155909149,0.9997830155909149,0.9997830155909149,0.9997830155909149,0.9997830155909149,0.0002169844090851211,0.0002169844090851211,0.0002169844090851211,0.0002169844090851211,0.0002169844090851211,0.0,0.0,0.0,0.0,0.0,0.9997830155909149,0.9997830155909149,0.9997830155909149,0.9997830155909149,0.9997830155909149
44.0,0.9997830155909149,0.9997830155909149,0.9997830155909149,0.9997830155909149,0.9997830155909149,0.0002169844090851211,0.0002169844090851211,0.0002169844090851211,0.0002169844090851211,0.0002169844090851211,0.0,0.0,0.0,0.0,0.0,0.9997830155909149,0.9997830155909149,0.9997830155909149,0.9997830155909149,0.9997830155909149
44.25,0.9997830155909149,0.9997830155909149,0.9997830155909149,0.9997830155909149,0.9997830155909149,0.0002169844090851211,0.0002169844090851211,0.0002169844090851211,0.0002169844090851211,0.0002169844090851211,0.0,0.0,0.0,0.0,0.0,0.9997830155909149,0.9997830155909149,0.9997830155909149,0.9997830155909149,0.9997830155909149
44.5,0.9997830155909149,0.9997830155909149,0.9997830155909149,0.9997830155909149,0.9997830155909149,0.0002169844090851211,0.0002169844090851211,0.0002169844090851211,0.0002169844090851211,0.0002169844090851211,0.0,0.0,0.0,0.0,0.0,0.9997830155909149,0.9997830155909149,0.9997830155909149,0.9997830155909149,0.9997830155909149
44.75,0.9997830155909149,0.9997830155909149,0.9997830155909149,0.9997830155909149,0.9997830155909149,0.0002169844090851211,0.0002169844090851211,0.0002169844090851211,0.0002169844090851211,0.0002169844090851211,0.0,0.0,0.0,0.0,0.0,0.9997830155909149,0.9997830155909149,0.9997830155909149,0.9997830155909149,0.9997830155909149
45.0,0.9997830155909149,0.9997830155909149,0.9997830155909149,0.9997830155909149,0.9997830155909149,0.0002169844090851211,0.0002169844090851211,0.0002169844090851211,0.0002169844090851211,0.0002169844090851211,0.0,0.0,0.0,0.0,0.0,0.9997830155909149,0.9997830155909149,0.9997830155909149,0.9997830155909149,0.9997830155909149
45.25,0.9997830155909149,0.9997830155909149,0.9997830155909149,0.9997830155909149,0.9997830155909149,0.0002169844090851211,0.0002169844090851211,0.0002169844090851211,0.0002169844090851211,0.0002169844090851211,0.0,0.0,0.0,0.0,0.0,0.9997830155909149,0.9997830155909149,0.9997830155909149,0.9997830155909149,0.9997830155909149
45.5,0.9997830155909149,0.9997830155909149,0.9997830155909149,0.9997830155909149,0.9997830155909149,0.0002169844090851211,0.0002169844090851211,0.0002169844090851211,0.0002169844090851211,0.0002169844090851211,0.0,0.0,0.0,0.0,0.0,0.9997830155909149,0.9997830155909149,0.9997830155909149,0.9997830155909149,0.9997830155909149
45.75,0.9997830155909149,0.9997830155909149,0.9997830155909149,0.9997830155909149,0.9997830155909149,0.0002169844090851211,0.0002169844090851211,0.0002169844090851211,0.0002169844090851211,0.0002169844090851211,0.0,0.0,0.0,0.0,0.0,0.9997830155909149,0.9997830155909149,0.9997830155909149,0.9997830155909149,0.9997830155909149
46.0,0.9997830155909149,0.9997830155909149,0.9997830155909149,0.9997830155909149,0.9997830155909149,0.0002169844090851211,0.0002169844090851211,0.0002169844090851211,0.0002169844090851211,0.0002169844090851211,0.0,0.0,0.0,0.0,0.0,0.9997830155909149,0.9997830155909149,0.9997830155909149,0.9997830155909149,0.9997830155909149
46.25,0.9997830155909149,0.9997830155909149,0.9997830155909149,0.9997830155909149,0.9997830155909149,0.0002169844090851211,0.0002169844090851211,0.0002169844090851211,0.0002169844090851211,0.0002169844090851211,0.0,0.0,0.0,0.0,0.0,0.9997830155909149,0.9997830155909149,0.9997830155909149,0.9997830155909149,0.9997830155909149
46.5,0.9997830155909149,0.9997830155909149,0.9997830155909149,0.9997830155909149,0.9997830155909149,0.0002169844090851211,0.0002169844090851211,0.0002169844090851211,0.0002169844090851211,0.0002169844090851211,0.0,0.0,0.0,0.0,0.0,0.9997830155909149,0.9997830155909149,0.9997830155909149,0.9997830155909149,0.9997830155909149
46.75,0.9997830155909149,0.9997830155909149,0.9997830155909149,0.9997830155909149,0.9997830155909149,0.0002169844090851211,0.0002169844090851211,0.0002169844090851211,0.0002169844090851211,0.0002169844090851211,0.0,0.0,0.0,0.0,0.0,0.9997830155909149,0.9997830155909149,0.9997830155909149,0.9997830155909149,0.9997830155909149
47.0,0.9997830155909149,0.9997830155909149,0.9997830155909149,0.9997830155909149,0.9997830155909149,0.0002169844090851211,0.0002169844090851211,0.0002169844090851211,0.0002169844090851211,0.0002169844090851211,0.0,0.0,0.0,0.0,0.0,0.9997830155909149,0.9997830155909149,0.9997830155909149,0.9997830155909149,0.9997830155909149
47.25,0.9997830155909149,0.9997830155909149,0.9997830155909149,0.9997830155909149,0.9997830155909149,0.0002169844090851211,0.0002169844090851211,0.0002169844090851211,0.0002169844090851211,0.0002169844090851211,0.0,0.0,0.0,0.0,0.0,0.9997830155909149,0.9997830155909149,0.9997830155909149,0.9997830155909149,0.9997830155909149
47.5,0.9997830155909149,0.9997830155909149,0.9997830155909149,0.9997830155909149,0.9997830155909149,0.0002169844090851211,0.0002169844090851211,0.0002169844090851211,0.0002169844090851211,0.0002169844090851211,0.0,0.0,0.0,0.0,0.0,0.9997830155909149,0.9997830155909149,0.9997830155909149,0.9997830155909149,0.9997830155909149
47.75,0.9997830155909149,0.9997830155909149,0.9997830155909149,0.9997830155909149,0.9997830155909149,0.0002169844090851211,0.0002169844090851211,0.0002169844090851211,0.0002169844090851211,0.0002169844090851211,0.0,0.0,0.0,0.0,0.0,0.9997830155909149,0.9997830155909149,0.9997830155909149,0.9997830155909149,0.9997830155909149
48.0,0.9997830155909149,0.9997830155909149,0.9997830155909149,0.9997830155909149,0.9997830155909149,0.0002169844090851211,0.0002169844090851211,0.0002169844090851211,0.0002169844090851211,0.0002169844090851211,0.0,0.0,0.0,0.0,0.0,0.9997830155909149,0.9997830155909149,0.9997830155909149,0.9997830155909149,0.9997830155909149
48.25,0.9997830155909149,0.9997830155909149,0.9997830155909149,0.9997830155909149,0.9997830155909149,0.0002169844090851211,0.0002169844090851211,0.0002169844090851211,0.0002169844090851211,0.0002169844090851211,0.0,0.0,0.0,0.0,0.0,0.9997830155909149,0.9997830155909149,0.9997830155909149,0.9997830155909149,0.9997830155909149
48.5,0.9997830155909149,0.9997830155909149,0.9997830155909149,0.9997830155909149,0.9997830155909149,0.0002169844090851211,0.0002169844090851211,0.0002169844090851211,0.0002169844090851211,0.0002169844090851211,0.0,0.0,0.0,0.0,0.0,0.9997830155909149,0.9997830155909149,0.9997830155909149,0.9997830155909149,0.9997830155909149
48.75,0.9997830155909149,0.9997830155909149,0.9997830155909149,0.9997830155909149,0.9997830155909149,0.0002169844090851211,0.0002169844090851211,0.0002169844090851211,0.0002169844090851211,0.0002169844090851211,0.0,0.0,0.0,0.0,0.0,0.9997830155909149,0.9997830155909149,0.9997830155909149,0.9997830155909149,0.9997830155909149
49.0,0.9997830155909149,0.9997830155909149,0.9997830155909149,0.9997830155909149,0.9997830155909149,0.0002169844090851211,0.0002169844090851211,0.0002169844090851211,0.0002169844090851211,0.0002169844090851211,0.0,0.0,0.0,0.0,0.0,0.9997830155909149,0.9997830155909149,0.9997830155909149,0.9997830155909149,0.9997830155909149
49.25,0.9997830155909149,0.9997830155909149,0.9997830155909149,0.9997830155909149,0.9997830155909149,0.0002169844090851211,0.0002169844090851211,0.0002169844090851211,0.0002169844090851211,0.0002169844090851211,0.0,0.0,0.0,0.0,0.0,0.9997830155909149,0.9997830155909149,0.9997830155909149,0.9997830155909149,0.9997830155909149
49.5,0.9997830155909149,0.9997830155909149,0.9997830155909149,0.9997830155909149,0.9997830155909149,0.0002169844090851211,0.0002169844090851211,0.0002169844090851211,0.0002169844090851211,0.0002169844090851211,0.0,0.0,0.0,0.0,0.0,0.9997830155909149,0.9997830155909149,0.9997830155909149,0.9997830155909149,0.9997830155909149
49.75,0.9997830155909149,0.9997830155909149,0.9997830155909149,0.9997830155909149,0.9997830155909149,0.0002169844090851211,0.0002169844090851211,0.0002169844090851211,0.0002169844090851211,0.0002169844090851211,0.0,0.0,0.0,0.0,0.0,0.9997830155909149,0.9997830155909149,0.9997830155909149,0.9997830155909149,0.9997830155909149
50.0,0.9997830155909149,0.9997830155909149,0.9997830155909149,0.9997830155909149,0.9997830155909149,0.0002169844090851211,0.0002169844090851211,0.0002169844090851211,0.0002169844090851211,0.0002169844090851211,0.0,0.0,0.0,0.0,0.0,0.9997830155909149,0.9997830155909149,0.9997830155909149,0.9997830155909149,0.9997830155909149
