t,S,E,I,R
0.0,990,0,10,0
0.11085100734229908,989,1,10,0
0.24955030549842258,988,2,10,0
0.3151968384393848,987,3,10,0
0.4187381648895242,987,3,9,1
0.45704075115651627,987,3,8,2
0.6589966564708711,986,4,8,2
0.697078505245879,986,3,9,2
0.8112053652474848,985,4,9,2
0.9044953084633092,985,3,10,2
0.9136460307932821,985,3,9,3
0.9532668905007917,985,2,10,3
1.0019534878546965,984,3,10,3
1.178202555608241,983,4,10,3
1.2810225246884896,982,5,10,3
1.3082779501442605,982,5,9,4
1.3139971760128404,982,5,8,5
1.3782348735501104,981,6,8,5
1.4464487386771898,980,7,8,5
1.7162183305560266,980,7,7,6
1.7440935389816756,980,6,8,6
1.9767335699896726,980,5,9,6
2.0234783764870863,980,4,10,6
2.0705321272344746,979,5,10,6
2.119301515275434,978,6,10,6
2.1991037597914525,977,7,10,6
2.3055039741473533,976,8,10,6
2.3647937030040502,976,8,9,7
2.5665500293605206,976,8,8,8
2.6446134207945926,975,9,8,8
2.686160289236048,975,9,7,9
2.801819420570742,975,9,6,10
3.076983434688252,975,9,5,11
3.0897720819668035,975,8,6,11
3.1033367747113108,975,7,7,11
3.1104361857612823,974,8,7,11
3.128780132664413,973,9,7,11
3.2576512655784753,972,10,7,11
3.259239571741394,972,10,6,12
3.338601047076245,972,9,7,12
3.380676216198954,972,8,8,12
3.453314249617905,972,7,9,12
3.843489538449667,972,6,10,12
3.8824038475835474,971,7,10,12
4.018567266464303,970,8,10,12
4.044023746025497,970,8,9,13
4.0826115286831195,969,9,9,13
4.195980827076393,968,10,9,13
4.383546604759381,968,9,10,13
4.3969824136078755,967,10,10,13
4.447815137704737,966,11,10,13
4.460700276210253,966,10,11,13
4.498669013349288,966,10,10,14
4.6670427641791985,966,9,11,14
4.766889681420855,966,9,10,15
4.817160134631814,965,10,10,15
4.821108121918664,965,10,9,16
4.997648652007751,964,11,9,16
5.062549237083162,964,11,8,17
5.202561331966827,963,12,8,17
5.445165168036611,963,11,9,17
5.449351795069967,963,11,8,18
5.4562805496671904,963,10,9,18
5.486682662438374,962,11,9,18
5.585170075159207,962,10,10,18
5.597717511507808,961,11,10,18
5.609173015425595,960,12,10,18
5.611691121117246,960,12,9,19
5.6329224956968185,959,13,9,19
5.820013478067551,958,14,9,19
5.855206496357839,957,15,9,19
5.856403268161751,956,16,9,19
5.885066576665492,956,15,10,19
5.943949859837843,955,16,10,19
6.07396772040632,955,16,9,20
6.28395444833261,955,16,8,21
6.296176746494774,954,17,8,21
6.297716768074169,953,18,8,21
6.300979668698467,953,17,9,21
6.436035236496364,953,16,10,21
6.467956512476852,952,17,10,21
6.480205446608384,952,16,11,21
6.5961172058908435,952,15,12,21
6.598200241876052,952,14,13,21
6.62462086459529,951,15,13,21
6.71368118451149,950,16,13,21
6.772793750502595,949,17,13,21
6.921825952365952,948,18,13,21
6.924774867865503,948,17,14,21
6.925391644237118,948,17,13,22
6.925594002161285,947,18,13,22
6.967050318309585,947,17,14,22
6.976863715965461,946,18,14,22
7.075685480953701,946,18,13,23
7.228943816811253,946,17,14,23
7.238638127480803,946,16,15,23
7.327523586740652,946,15,16,23
7.4641885023313685,946,15,15,24
7.468246577729448,945,16,15,24
7.515043372437501,945,15,16,24
7.584133078995287,945,15,15,25
7.606888850857694,945,14,16,25
7.626688986929102,945,13,17,25
7.646919566794179,944,14,17,25
7.727409178158662,943,15,17,25
7.758981219358162,942,16,17,25
7.820111875408767,942,15,18,25
7.843184104006422,942,15,17,26
7.869924679744786,942,14,18,26
7.874187090583404,942,13,19,26
7.983889440337112,942,12,20,26
7.995485817270781,942,11,21,26
8.013072335475345,942,10,22,26
8.168995500011775,941,11,22,26
8.26967260731326,940,12,22,26
8.35372479409924,940,11,23,26
8.40255459175183,939,12,23,26
8.600120466899831,938,13,23,26
8.600653916464175,938,13,22,27
8.607176936347331,937,14,22,27
8.609055011593732,936,15,22,27
8.672805757496501,936,14,23,27
8.738974153856287,936,14,22,28
8.759366614671372,936,13,23,28
8.804881494653634,935,14,23,28
8.879685962086421,935,13,24,28
8.923255476654198,935,13,23,29
9.033009781168635,935,13,22,30
9.083041707011652,934,14,22,30
9.11848208858572,933,15,22,30
9.167031561709502,932,16,22,30
9.169627221053135,931,17,22,30
9.18925650329167,930,18,22,30
9.224898282688029,929,19,22,30
9.25637074282935,928,20,22,30
9.264098057954769,927,21,22,30
9.27666015115752,927,21,21,31
9.30194688157562,926,22,21,31
9.384673538095226,925,23,21,31
9.414418274423413,925,22,22,31
9.518346896932666,925,21,23,31
9.52365135589737,924,22,23,31
9.563133994117331,923,23,23,31
9.566039146376683,923,22,24,31
9.713516424016365,922,23,24,31
9.722831546097847,922,22,25,31
9.78754270189473,922,21,26,31
9.81906017163317,922,21,25,32
9.85095054110322,921,22,25,32
9.865589177691454,921,21,26,32
9.894435069089761,920,22,26,32
9.930992801938013,920,21,27,32
10.02133823577,920,21,26,33
10.044652660065568,919,22,26,33
10.092676780574676,918,23,26,33
10.11157105358563,918,23,25,34
10.11644063491785,917,24,25,34
10.13437034344538,917,24,24,35
10.166753873168268,916,25,24,35
10.245062233532304,916,25,23,36
10.26887905876199,916,24,24,36
10.311565052069138,916,24,23,37
10.390222010093645,916,24,22,38
10.44852714123451,916,24,21,39
10.462965196428607,916,23,22,39
10.502320368539026,915,24,22,39
10.50503464556186,914,25,22,39
10.509127771155786,913,26,22,39
10.532704418687782,912,27,22,39
10.692373072256903,912,26,23,39
10.743631562352281,912,25,24,39
10.776441130581036,911,26,24,39
10.866771215547775,910,27,24,39
10.891026582611492,909,28,24,39
10.926813051875678,908,29,24,39
10.984017177498204,908,28,25,39
10.98783272355694,907,29,25,39
11.025020820381897,907,28,26,39
11.071481647985989,907,28,25,40
11.079161799474686,906,29,25,40
11.09930449973777,906,28,26,40
11.106786427093628,905,29,26,40
11.111842054627202,905,28,27,40
11.125873950460461,905,28,26,41
11.18840195859062,905,27,27,41
11.209157763909893,905,26,28,41
11.217453213672876,904,27,28,41
11.225763933663576,904,26,29,41
11.256209326748657,903,27,29,41
11.26668013428912,902,28,29,41
11.268475437136651,902,27,30,41
11.269165768029469,902,26,31,41
11.287530184099907,902,25,32,41
11.296313883135053,902,25,31,42
11.33602646446018,902,25,30,43
11.384384988864527,901,26,30,43
11.40139446311335,901,25,31,43
11.409787123376372,901,24,32,43
11.441557343190237,900,25,32,43
11.452001257403513,900,24,33,43
11.461043462523113,900,23,34,43
11.502466448650472,900,23,33,44
11.551568962808613,900,23,32,45
11.554981335378368,899,24,32,45
11.595747632051134,899,23,33,45
11.60695789374636,899,23,32,46
11.609617191838968,899,23,31,47
11.650717293818008,898,24,31,47
11.729203611103015,897,25,31,47
11.750593881677599,896,26,31,47
11.755416478820768,896,26,30,48
11.781683844811258,896,25,31,48
11.78504534951311,896,24,32,48
11.785336322156038,895,25,32,48
11.839959962141272,895,24,33,48
11.894099850268416,894,25,33,48
11.897290967695005,893,26,33,48
11.910440011576911,892,27,33,48
11.92014749505957,891,28,33,48
11.984728476872082,891,28,32,49
12.001997032179675,890,29,32,49
12.081167538127854,890,29,31,50
12.140440347361984,890,28,32,50
12.176273617093399,890,27,33,50
12.176764966178814,889,28,33,50
12.204337056028525,889,28,32,51
12.219776876587567,889,28,31,52
12.313592687508521,888,29,31,52
12.330910318784236,888,29,30,53
12.343758501852243,888,28,31,53
12.406317597759664,887,29,31,53
12.42981738711391,887,29,30,54
12.443664797757078,886,30,30,54
12.45832050611882,886,30,29,55
12.51767236285613,885,31,29,55
12.611027587380828,885,31,28,56
12.651928644320515,885,31,27,57
12.670147824866735,884,32,27,57
12.683017446384532,884,32,26,58
12.703476696389831,884,31,27,58
12.716926377549374,884,30,28,58
12.812405484241912,883,31,28,58
12.821686392699633,883,31,27,59
12.85601019983633,883,30,28,59
12.886741659828068,883,29,29,59
12.932686802059818,883,29,28,60
13.020147686242048,882,30,28,60
13.033079679977876,881,31,28,60
13.04159015197422,880,32,28,60
13.054525260960052,879,33,28,60
13.07549811588465,878,34,28,60
13.10113217971695,877,35,28,60
13.239475955811377,877,34,29,60
13.257502305988659,876,35,29,60
13.286276061749437,875,36,29,60
13.28852203770441,874,37,29,60
13.31376522858102,874,36,30,60
13.354752314844744,873,37,30,60
13.355009713013079,873,37,29,61
13.357914023662207,873,36,30,61
13.358006195332306,872,37,30,61
13.426611306759453,872,36,31,61
13.446597528362991,872,35,32,61
13.451364561500764,871,36,32,61
13.490955097035227,871,35,33,61
13.530776593816576,871,34,34,61
13.53919730300694,870,35,34,61
13.546463970378216,869,36,34,61
13.60038262070546,868,37,34,61
13.61174625610994,868,37,33,62
13.620889221507555,867,38,33,62
13.630144936374599,867,38,32,63
13.645648315999845,867,38,31,64
13.661640200317711,867,37,32,64
13.663344057027789,866,38,32,64
13.668682176438177,866,37,33,64
13.692677558351626,866,36,34,64
13.705031181693226,866,36,33,65
13.739514699784335,866,36,32,66
13.755802807989362,866,35,33,66
13.784824427596423,865,36,33,66
13.803211384742935,865,36,32,67
13.803213633094522,864,37,32,67
13.805605785284847,864,36,33,67
13.821502009011276,863,37,33,67
13.85263270247523,862,38,33,67
13.85538284139751,862,37,34,67
13.898950976319405,862,36,35,67
13.993729807427053,862,35,36,67
14.037253105278229,861,36,36,67
14.103012279674205,861,36,35,68
14.123672822394274,861,36,34,69
14.17150182035874,860,37,34,69
14.183376583226304,860,36,35,69
14.201343708314775,860,36,34,70
14.21569971702511,860,35,35,70
14.223727348873656,859,36,35,70
14.225808307204629,859,36,34,71
14.228213271845311,859,35,35,71
14.277219642446024,858,36,35,71
14.306148001115382,857,37,35,71
14.331896484130063,857,36,36,71
14.352354113459686,857,35,37,71
14.44030335647319,857,34,38,71
14.454836849225458,856,35,38,71
14.48389144682141,856,35,37,72
14.491588128012836,856,34,38,72
14.498985713222675,855,35,38,72
14.50207621257219,855,35,37,73
14.539382003110296,855,34,38,73
14.55124386693019,855,33,39,73
14.563226457996269,854,34,39,73
14.594247828138837,854,33,40,73
14.641103623960586,853,34,40,73
14.691583476721839,853,34,39,74
14.69327711545412,853,34,38,75
14.720465709994912,853,34,37,76
14.754334095678983,853,34,36,77
14.828241154456133,853,33,37,77
14.863611174462184,853,33,36,78
14.875500796680619,853,32,37,78
14.875696734902286,852,33,37,78
14.908788966684904,852,32,38,78
15.054745622956247,851,33,38,78
15.055415146154623,851,32,39,78
15.062065266731059,850,33,39,78
15.0917091931704,849,34,39,78
15.110901287198756,848,35,39,78
15.133783681615867,847,36,39,78
15.178302242990378,846,37,39,78
15.21806816005061,846,37,38,79
15.231797962898007,846,37,37,80
15.280094354246508,846,37,36,81
15.280423883567105,846,36,37,81
15.286157356418329,846,36,36,82
15.315328824350374,845,37,36,82
15.337903430073084,845,36,37,82
15.347351517514785,845,35,38,82
15.387674104143262,845,35,37,83
15.420094774371067,844,36,37,83
15.434796743400454,844,35,38,83
15.44290149983506,844,35,37,84
15.448367874663306,843,36,37,84
15.492102919464653,843,36,36,85
15.504025351703799,843,36,35,86
15.52233609319424,843,35,36,86
15.522894351171963,842,36,36,86
15.549514013117516,842,35,37,86
15.554927815222067,842,34,38,86
15.568110156110073,841,35,38,86
15.57295783454742,841,35,37,87
15.595662926406103,841,35,36,88
15.618892154793057,840,36,36,88
15.620046419705707,840,35,37,88
15.626575947785062,839,36,37,88
15.643191780098265,839,35,38,88
15.656195548109206,838,36,38,88
15.660934617425397,837,37,38,88
15.671853295099998,837,36,39,88
15.711726196006458,836,37,39,88
15.712455090752776,835,38,39,88
15.720855070616787,835,37,40,88
15.751106323093495,834,38,40,88
15.75985195331984,834,38,39,89
15.78338973951802,833,39,39,89
15.826395862280426,832,40,39,89
15.866496949967457,832,39,40,89
15.873079151203527,831,40,40,89
15.883319442009096,830,41,40,89
15.925404144034012,829,42,40,89
15.933153665513528,829,41,41,89
15.939210316206808,828,42,41,89
15.945915205994112,827,43,41,89
16.01958543210573,827,42,42,89
16.028547147143176,827,42,41,90
16.028756190318955,827,41,42,90
16.03275078750679,827,40,43,90
16.060366606844305,827,39,44,90
16.087215544502442,827,39,43,91
16.114484747052142,827,39,42,92
16.149181055154973,827,38,43,92
16.151468942669432,826,39,43,92
16.16901459192782,826,38,44,92
16.186446619317792,825,39,44,92
16.187371723412056,825,39,43,93
16.239494633555633,825,38,44,93
16.260816362585942,824,39,44,93
16.278785850099272,824,39,43,94
16.311933228127238,824,38,44,94
16.35892932435098,824,37,45,94
16.38659632727423,823,38,45,94
16.402350220054355,822,39,45,94
16.44991275634149,822,38,46,94
16.459425147967234,821,39,46,94
16.460578071804992,820,40,46,94
16.493168913610294,820,39,47,94
16.51296437931716,819,40,47,94
16.51338053862231,819,39,48,94
16.51961015590991,819,39,47,95
16.520534304705745,818,40,47,95
16.52427445210968,818,40,46,96
16.612697865210386,818,39,47,96
16.669864311798772,817,40,47,96
16.685572790878187,816,41,47,96
16.708034052587386,815,42,47,96
16.714343195047054,815,41,48,96
16.71621397959712,815,40,49,96
16.717907723106862,815,40,48,97
16.764845877649293,815,39,49,97
16.780551214029337,814,40,49,97
16.787702040817603,814,39,50,97
16.79811044496327,814,38,51,97
16.80524019164008,813,39,51,97
16.80875625304545,812,40,51,97
16.8213024017372,811,41,51,97
16.822228098889155,811,40,52,97
16.831438688494888,811,39,53,97
16.854741853385097,810,40,53,97
16.867417791230324,810,39,54,97
16.884776530568647,810,38,55,97
16.89998009414214,809,39,55,97
16.9365913309587,808,40,55,97
16.93850851429157,808,40,54,98
16.94361126425933,807,41,54,98
16.944727901110426,806,42,54,98
16.95687081445145,805,43,54,98
17.012149703579325,805,43,53,99
17.02901275840092,805,43,52,100
17.04282449988946,804,44,52,100
17.054637254191864,803,45,52,100
17.073762585499665,803,45,51,101
17.07404814324362,802,46,51,101
17.078787027083674,802,45,52,101
17.08211601955646,802,44,53,101
17.08543600679633,802,43,54,101
17.10289705219222,802,42,55,101
17.106428945732198,802,42,54,102
17.114273992653587,802,42,53,103
17.136242266371404,802,42,52,104
17.139502902267395,802,41,53,104
17.14585408871357,802,40,54,104
17.17005365861846,802,39,55,104
17.17969821995548,801,40,55,104
17.197656050769474,801,40,54,105
17.210989689671212,800,41,54,105
17.21829526576466,800,41,53,106
17.236518272602677,800,40,54,106
17.247001099606425,799,41,54,106
17.301705522951075,798,42,54,106
17.323278038495495,798,41,55,106
17.32568482900208,797,42,55,106
17.35294523162493,797,42,54,107
17.407361960417255,797,41,55,107
17.446110132396928,797,40,56,107
17.451341011849077,796,41,56,107
17.468977836452034,796,41,55,108
17.47670027393768,795,42,55,108
17.510186885442728,794,43,55,108
17.575649403072255,794,43,54,109
17.576223210288074,794,43,53,110
17.577374036222825,794,43,52,111
17.58450855571856,794,42,53,111
17.64267187737858,794,42,52,112
17.69769224733077,793,43,52,112
17.7084942681969,792,44,52,112
17.726358221716517,791,45,52,112
17.73373615343869,791,44,53,112
17.74431771379869,791,44,52,113
17.783262382477627,790,45,52,113
17.81227420089115,790,44,53,113
17.82736114694105,790,44,52,114
17.871880351999977,790,44,51,115
17.87341633047396,790,44,50,116
17.873513324100173,789,45,50,116
17.88157963285626,789,44,51,116
17.884897702104215,788,45,51,116
17.906869409785955,787,46,51,116
17.918518148190735,786,47,51,116
17.928176206728846,785,48,51,116
17.990673754524114,785,48,50,117
18.002336104612848,785,48,49,118
18.003295083827876,785,47,50,118
18.010263296410656,784,48,50,118
18.020386239756203,783,49,50,118
18.023186231045383,783,48,51,118
18.031709783666358,783,47,52,118
18.045982839301384,783,46,53,118
18.047338065413598,783,45,54,118
18.053863825603592,783,44,55,118
18.055370729864844,782,45,55,118
18.056403032108243,781,46,55,118
18.056532820506927,780,47,55,118
18.07006756212585,780,46,56,118
18.09705653592571,780,46,55,119
18.111052941066088,779,47,55,119
18.123337002896534,779,46,56,119
18.13679782333597,779,46,55,120
18.141195624108303,779,45,56,120
18.14523203225429,779,44,57,120
18.150815483882212,779,43,58,120
18.172154258645286,778,44,58,120
18.18739574771361,778,43,59,120
18.196434288656263,778,42,60,120
18.198739123264726,778,41,61,120
18.199032871329525,778,40,62,120
18.199166282025676,778,39,63,120
18.199417786141957,777,40,63,120
18.213246883027214,777,39,64,120
18.217435723434985,776,40,64,120
18.234402946784964,776,40,63,121
18.236578079281145,776,39,64,121
18.26799333344919,776,39,63,122
18.268631182967624,775,40,63,122
18.276949240275616,775,39,64,122
18.31691913937218,774,40,64,122
18.320781805006725,774,39,65,122
18.321914462545983,774,39,64,123
18.337844277305827,774,38,65,123
18.359303999355355,773,39,65,123
18.364221036814527,773,39,64,124
18.36600678102043,773,39,63,125
18.383199491062495,772,40,63,125
18.387855603538,772,40,62,126
18.38942134317412,771,41,62,126
18.38980036730444,770,42,62,126
18.42711778830753,769,43,62,126
18.429773014287473,768,44,62,126
18.429952707074705,768,43,63,126
18.444134348797217,768,42,64,126
18.444847337568305,768,41,65,126
18.463621447722016,767,42,65,126
18.470501747010573,767,41,66,126
18.519167479773692,766,42,66,126
18.535951347066447,766,42,65,127
18.564857421214345,765,43,65,127
18.578894358365257,764,44,65,127
18.590342482818016,763,45,65,127
18.6142376502672,763,44,66,127
18.663858530346268,763,44,65,128
18.678537952016526,762,45,65,128
18.684792997272773,762,45,64,129
18.693765585657978,762,44,65,129
18.69709738888363,762,43,66,129
18.72215828660492,761,44,66,129
18.727145987209774,760,45,66,129
18.734521137380874,760,45,65,130
18.819748461106883,760,44,66,130
18.81991271061678,760,43,67,130
18.821744169015037,759,44,67,130
18.856740831420378,758,45,67,130
18.859624731365162,757,46,67,130
18.87029143661166,757,45,68,130
18.87433526728578,756,46,68,130
18.905498505323855,755,47,68,130
18.936688554005293,754,48,68,130
18.93884157639947,754,47,69,130
18.944190317300308,753,48,69,130
18.963451176071903,752,49,69,130
18.982196136771126,752,48,70,130
18.990080075730695,751,49,70,130
19.026644719190955,751,49,69,131
19.027133851862235,750,50,69,131
19.03563621116523,750,49,70,131
19.0411981154712,749,50,70,131
19.05775946472536,748,51,70,131
19.060694225057844,748,51,69,132
19.067568492516237,748,51,68,133
19.077574186775912,748,50,69,133
19.085266770089582,748,49,70,133
19.096733248973386,748,48,71,133
19.113564939745356,748,47,72,133
19.11585497499247,748,46,73,133
19.117026416028345,748,46,72,134
19.145514546777598,748,45,73,134
19.195548256217048,747,46,73,134
19.201751875367364,747,46,72,135
19.211754212421233,747,45,73,135
19.25301827138558,747,45,72,136
19.274191523199505,746,46,72,136
19.288502965160752,746,45,73,136
19.294290975110947,745,46,73,136
19.31723483628295,745,45,74,136
19.329741710975632,745,44,75,136
19.339705366756686,744,45,75,136
19.433647267426668,744,44,76,136
19.44682512273133,744,43,77,136
19.474511019675578,743,44,77,136
19.480768028843826,743,43,78,136
19.505585858433818,742,44,78,136
19.50905157049972,741,45,78,136
19.51909586191732,740,46,78,136
19.520002551142245,740,45,79,136
19.53665858035138,740,45,78,137
19.547885393628043,739,46,78,137
19.549452879988177,739,46,77,138
19.55315345222633,738,47,77,138
19.563668684952194,738,46,78,138
19.58040461589381,737,47,78,138
19.587697059053323,736,48,78,138
19.59589765174462,735,49,78,138
19.596494298294388,734,50,78,138
19.61846229216607,734,49,79,138
19.635661003395057,733,50,79,138
19.640727168888674,732,51,79,138
19.64429000113055,732,50,80,138
19.660346213281,731,51,80,138
19.679425278261327,731,51,79,139
19.755677307616637,731,50,80,139
19.756853560333425,731,49,81,139
19.758079670346056,730,50,81,139
19.763343404269875,729,51,81,139
19.763911112940516,728,52,81,139
19.77451702009137,728,52,80,140
19.791633237348215,728,51,81,140
19.79623055751495,727,52,81,140
19.80410235336723,726,53,81,140
19.80488466094807,726,53,80,141
19.81135979251916,726,52,81,141
19.816342704079826,726,52,80,142
19.82744742948909,725,53,80,142
19.82948471915607,725,53,79,143
19.833014771188743,725,52,80,143
19.837087504582964,725,51,81,143
19.83780840833229,724,52,81,143
19.854230234725758,724,52,80,144
19.858571126834892,724,52,79,145
19.86150913954635,724,51,80,145
19.86156027942953,724,50,81,145
19.903136563622482,723,51,81,145
19.913384840579845,722,52,81,145
19.93320987830073,722,51,82,145
19.963332420388234,721,52,82,145
19.969551240046254,720,53,82,145
20.0407244876057,719,54,82,145
20.04189067910799,719,53,83,145
20.046417231982986,718,54,83,145
20.046761137222166,717,55,83,145
20.048705354223006,717,55,82,146
20.052970347718222,717,55,81,147
20.063851419535215,716,56,81,147
20.06574186231564,715,57,81,147
20.076224725887364,714,58,81,147
20.07888626677507,714,57,82,147
20.0884178509316,713,58,82,147
20.094280127198463,712,59,82,147
20.106997412323434,711,60,82,147
20.123069839645968,710,61,82,147
20.12873290535406,709,62,82,147
20.12888929203737,708,63,82,147
20.129936039498133,708,62,83,147
20.15452103486719,707,63,83,147
20.161024538947085,707,62,84,147
20.163736078190563,707,61,85,147
20.19013442565542,707,60,86,147
20.202486862547225,707,60,85,148
20.2071356262281,707,60,84,149
20.21669338756845,706,61,84,149
20.217323411289662,706,60,85,149
20.24174201412203,705,61,85,149
20.24229280685724,704,62,85,149
20.24419499068916,703,63,85,149
20.245415418589133,703,62,86,149
20.252473599878098,702,63,86,149
20.27030911615777,701,64,86,149
20.27224116636666,700,65,86,149
20.289320847851688,699,66,86,149
20.293724646789478,699,65,87,149
20.30423437687931,699,64,88,149
20.310836581101547,699,64,87,150
20.317549926262984,698,65,87,150
20.329425332463583,698,64,88,150
20.366998023958153,698,63,89,150
20.389599332372274,697,64,89,150
20.39077840841765,696,65,89,150
20.39881285656157,695,66,89,150
20.45242562699432,695,65,90,150
20.453081357626868,695,64,91,150
20.460225544433577,694,65,91,150
20.477344920610822,694,64,92,150
20.48377224076261,694,63,93,150
20.48957009806557,694,63,92,151
20.50808000814515,694,63,91,152
20.513750610332753,693,64,91,152
20.517698315445138,693,63,92,152
20.540263782973987,692,64,92,152
20.546433608018297,692,64,91,153
20.60681751345584,691,65,91,153
20.609379971621916,691,65,90,154
20.64813041408505,691,65,89,155
20.64963185878015,690,66,89,155
20.65248726894812,690,65,90,155
20.687589302564405,690,64,91,155
20.703879888725183,689,65,91,155
20.704696590434125,688,66,91,155
20.70487516418536,688,65,92,155
20.77298280963526,688,64,93,155
20.773341340300618,688,63,94,155
20.791400543423393,687,64,94,155
20.80071723304405,686,65,94,155
20.804328887501374,686,65,93,156
20.81236106373057,686,64,94,156
20.879854692258,686,63,95,156
20.88099092940252,686,62,96,156
20.886183579707787,686,61,97,156
20.891912799312884,686,61,96,157
20.892021622128254,685,62,96,157
20.8920694518393,685,62,95,158
20.914990422125708,685,61,96,158
20.916317310178137,684,62,96,158
20.933143474650116,684,61,97,158
20.938141726149674,684,60,98,158
20.94137437088419,684,59,99,158
20.964054643615043,684,58,100,158
21.020614021334268,684,58,99,159
21.032165531305555,683,59,99,159
21.045105765767524,683,58,100,159
21.06455650464867,683,57,101,159
21.075692586155395,683,56,102,159
21.0789397170959,683,55,103,159
21.0819280338257,682,56,103,159
21.08973988169864,682,55,104,159
21.094875250989762,682,55,103,160
21.12881369872849,682,55,102,161
21.137494235678922,682,54,103,161
21.14124518445456,681,55,103,161
21.161369668629742,681,55,102,162
21.177671664576017,681,55,101,163
21.196039160158943,681,55,100,164
21.20228827674241,681,54,101,164
21.206687146709015,681,54,100,165
21.20726167770163,680,55,100,165
21.216786119354605,679,56,100,165
21.220796440506234,678,57,100,165
21.26797278861046,678,57,99,166
21.27516325202361,677,58,99,166
21.29640918542067,677,57,100,166
21.314598792517998,676,58,100,166
21.31914220414847,675,59,100,166
21.331459446876213,675,59,99,167
21.381439552947494,675,58,100,167
21.38740286323171,675,57,101,167
21.41732823659772,675,56,102,167
21.426016984881564,675,55,103,167
21.45230806957062,674,56,103,167
21.454823464211806,674,56,102,168
21.461807170644114,674,56,101,169
21.473277138179558,673,57,101,169
21.49634102582559,673,57,100,170
21.503592610971648,672,58,100,170
21.520414855933506,671,59,100,170
21.52258486028865,670,60,100,170
21.524285257254657,669,61,100,170
21.597473675035832,669,60,101,170
21.62947507598292,668,61,101,170
21.635847854557092,668,60,102,170
21.655836602473496,667,61,102,170
21.66579947043252,666,62,102,170
21.669767492982498,665,63,102,170
21.68609311652827,664,64,102,170
21.688142621851235,664,63,103,170
21.706285594785193,664,63,102,171
21.710077401810793,663,64,102,171
21.714907342058858,663,64,101,172
21.719967522160882,663,63,102,172
21.72544440077927,663,62,103,172
21.728644328367942,662,63,103,172
21.73480412311105,661,64,103,172
21.74342081816162,660,65,103,172
21.749928956971132,659,66,103,172
21.767365340379857,659,65,104,172
21.771295119387467,658,66,104,172
21.775225159354065,658,65,105,172
21.784287775857752,658,65,104,173
21.800907835669168,657,66,104,173
21.80397413772391,656,67,104,173
21.810184509342463,656,66,105,173
21.822733471183223,656,66,104,174
21.823255465693457,655,67,104,174
21.827939316917792,655,67,103,175
21.842735440194627,654,68,103,175
21.85226603252887,654,68,102,176
21.86405200867599,654,68,101,177
21.869997493037058,653,69,101,177
21.87931650349386,653,69,100,178
21.896516013458037,652,70,100,178
21.896955347031966,652,69,101,178
21.92140901119494,652,69,100,179
21.923642495579408,651,70,100,179
21.929653288656656,650,71,100,179
21.941534557707225,650,71,99,180
21.979245275723436,649,72,99,180
21.993269563307123,649,72,98,181
22.010868706785683,649,72,97,182
22.018609526373254,649,72,96,183
22.021845540061086,649,71,97,183
22.02185451284217,648,72,97,183
22.02378230948108,648,71,98,183
22.03079123425505,648,70,99,183
22.045158347978923,648,69,100,183
22.05695774197125,647,70,100,183
22.06898544322016,647,69,101,183
22.075414616677758,647,69,100,184
22.084738461297274,646,70,100,184
22.087296261939812,646,69,101,184
22.094244593441875,646,68,102,184
22.106401158110668,646,67,103,184
22.106949555545977,645,68,103,184
22.12559487173515,645,67,104,184
22.12738280688946,645,67,103,185
22.1339164667348,645,66,104,185
22.153483895744557,645,65,105,185
22.15447332495856,644,66,105,185
22.161402546751017,644,65,106,185
22.169528134428088,644,65,105,186
22.17239869354877,644,64,106,186
22.18046964423179,644,63,107,186
22.190972899304906,644,63,106,187
22.20252877068795,643,64,106,187
22.206932241446072,642,65,106,187
22.207530552032946,642,65,105,188
22.240622907433305,642,65,104,189
22.245036606920465,641,66,104,189
22.247159678311913,641,65,105,189
22.254770389551407,640,66,105,189
22.25607601571282,640,66,104,190
22.25936062733944,640,66,103,191
22.2698242768455,640,65,104,191
22.293214208185514,640,64,105,191
22.295055288353133,640,64,104,192
22.316425457582287,640,64,103,193
22.316674067333256,640,64,102,194
22.3339619068436,639,65,102,194
22.366834162176218,639,64,103,194
22.39105069907798,639,64,102,195
22.393072889181447,638,65,102,195
22.423839838392478,637,66,102,195
22.44221570764268,637,65,103,195
22.44279645584224,636,66,103,195
22.460914462081462,636,66,102,196
22.473843056057444,636,66,101,197
22.48421619707467,636,65,102,197
22.485709191713145,636,65,101,198
22.49238038606151,636,65,100,199
22.493335153374606,636,65,99,200
22.495467566866033,636,64,100,200
22.502928012243938,636,63,101,200
22.50579093299958,636,62,102,200
22.512437969447724,636,62,101,201
22.5274399235891,636,62,100,202
22.529040743316642,635,63,100,202
22.55176066781645,635,62,101,202
22.553496752173544,635,62,100,203
22.57283048287736,635,62,99,204
22.584027963392337,634,63,99,204
22.601190501008208,634,63,98,205
22.602583416297197,633,64,98,205
22.604451604429904,632,65,98,205
22.611092321080903,632,65,97,206
22.613746743599247,632,64,98,206
22.621617820174123,632,64,97,207
22.634888718517992,632,64,96,208
22.642029554796736,631,65,96,208
22.658827408868024,630,66,96,208
22.66841670979802,629,67,96,208
22.69280228646387,629,66,97,208
22.714952080874813,629,66,96,209
22.731356399082255,628,67,96,209
22.73987940042471,628,66,97,209
22.744673996619838,628,65,98,209
22.747138554975276,628,64,99,209
22.75571221249469,627,65,99,209
22.763044393244833,627,64,100,209
22.773750629904022,627,64,99,210
22.77485842971059,627,63,100,210
22.77723515621377,627,63,99,211
22.782904306554663,627,62,100,211
22.788246430305275,627,62,99,212
22.80331382952396,627,62,98,213
22.805491077870897,626,63,98,213
22.806457479345802,625,64,98,213
22.821861646999814,625,63,99,213
22.824770968599122,625,62,100,213
22.839331747645733,625,62,99,214
22.85013272344889,625,61,100,214
22.875822482263185,625,60,101,214
22.882927575292157,625,60,100,215
22.893901146191656,625,60,99,216
22.909320581448423,624,61,99,216
22.90954614836644,623,62,99,216
22.918867616939256,623,61,100,216
22.92722207786011,622,62,100,216
22.928823325679048,622,61,101,216
22.935585441324342,622,60,102,216
22.936381118586475,621,61,102,216
22.952486171366743,621,61,101,217
22.956572664542765,621,61,100,218
22.961862200282518,621,61,99,219
22.96775366140019,620,62,99,219
22.969279123102293,620,62,98,220
22.97205855683863,620,61,99,220
22.9787477998119,619,62,99,220
22.98039371755027,619,62,98,221
22.997287499930408,619,61,99,221
22.999916871443055,618,62,99,221
23.010329377174056,617,63,99,221
23.032092918902332,617,62,100,221
23.04469684167161,617,62,99,222
23.04827102196004,617,62,98,223
23.057511308264885,616,63,98,223
23.07189690061159,616,63,97,224
23.07311986070001,616,62,98,224
23.10281685598868,616,62,97,225
23.115031525753903,616,62,96,226
23.119269841474317,616,62,95,227
23.12096396897153,615,63,95,227
23.123659480448765,614,64,95,227
23.142730639140844,614,64,94,228
23.15331618022954,613,65,94,228
23.171014768395143,613,64,95,228
23.17584794596696,613,63,96,228
23.19578172490626,613,62,97,228
23.222746501209645,613,62,96,229
23.227760059634004,613,62,95,230
23.228537674198915,612,63,95,230
23.2946059207757,611,64,95,230
23.312157043350474,611,63,96,230
23.31803890928069,610,64,96,230
23.349575958345472,609,65,96,230
23.361080319307423,608,66,96,230
23.361885869175342,608,66,95,231
23.37032071821391,608,65,96,231
23.467025598939436,607,66,96,231
23.47939104562665,607,65,97,231
23.48473906380028,607,64,98,231
23.52228700639844,607,63,99,231
23.534086018576573,606,64,99,231
23.595537786310434,606,63,100,231
23.601039289635658,606,62,101,231
23.61099294990005,606,61,102,231
23.61448263482015,605,62,102,231
23.620392735491105,605,62,101,232
23.63845361165496,605,62,100,233
23.647707094967988,604,63,100,233
23.65755599342557,603,64,100,233
23.660872031241183,603,63,101,233
23.672421018432544,602,64,101,233
23.675335775170783,602,64,100,234
23.68092653691398,601,65,100,234
23.682040091188274,601,65,99,235
23.69691223239938,601,65,98,236
23.734728144585656,601,64,99,236
23.73755710068693,601,63,100,236
23.74393338384508,601,63,99,237
23.74656501676509,601,63,98,238
23.756943344940552,600,64,98,238
23.76001035588943,600,64,97,239
23.780447849316513,600,63,98,239
23.782922636490117,600,62,99,239
23.783799407013205,599,63,99,239
23.78806964522759,598,64,99,239
23.79077965031453,598,64,98,240
23.80748977189021,597,65,98,240
23.816325757985265,597,65,97,241
23.828028093341246,597,64,98,241
23.836385816500204,597,64,97,242
23.83838548307736,596,65,97,242
23.87371251237127,596,64,98,242
23.887328767057216,596,64,97,243
23.917907630928013,596,64,96,244
23.924716675441488,595,65,96,244
23.93323135215258,595,64,97,244
23.954106073452007,595,63,98,244
23.954809745345795,595,63,97,245
23.956354000289554,595,62,98,245
23.973512059488186,595,61,99,245
24.006831424391883,595,61,98,246
24.014365114160945,595,61,97,247
24.020173584176757,595,61,96,248
24.025319908240608,595,60,97,248
24.031296038940813,595,59,98,248
24.033259684649327,595,59,97,249
24.038750362685562,595,59,96,250
24.039447315534268,595,59,95,251
24.04561591872861,594,60,95,251
24.047758185089904,594,59,96,251
24.07791326962947,593,60,96,251
24.0785665751255,592,61,96,251
24.080623231441155,591,62,96,251
24.083832487024125,591,61,97,251
24.0882800237468,590,62,97,251
24.088916823231376,589,63,97,251
24.089078856433144,589,63,96,252
24.101037890645724,589,63,95,253
24.10321762162237,588,64,95,253
24.10715539123186,588,63,96,253
24.108793039901563,588,62,97,253
24.112054877382437,587,63,97,253
24.132079483071124,587,63,96,254
24.144047689637482,587,62,97,254
24.151986295166218,587,61,98,254
24.16193659472044,587,60,99,254
24.20895335018399,587,59,100,254
24.21089649311225,587,59,99,255
24.2120449490094,586,60,99,255
24.228514636082753,586,59,100,255
24.300192707731018,586,59,99,256
24.307941667286105,585,60,99,256
24.314464232541283,585,59,100,256
24.324706620814645,584,60,100,256
24.3402896300943,584,59,101,256
24.352868193541955,584,59,100,257
24.36865354075472,584,58,101,257
24.37203792079646,583,59,101,257
24.387564735761565,583,59,100,258
24.399703800895146,583,59,99,259
24.404125398528485,583,58,100,259
24.420048063620474,582,59,100,259
24.481880629910933,582,58,101,259
24.49323672057774,582,58,100,260
24.525951121493804,582,57,101,260
24.542184352590883,582,56,102,260
24.54868392390591,582,55,103,260
24.585505200314902,582,54,104,260
24.586405233008936,581,55,104,260
24.589581665701086,581,55,103,261
24.609457642037896,580,56,103,261
24.619542177603577,580,56,102,262
24.625988919927195,580,55,103,262
24.62727771163919,580,55,102,263
24.664620530990764,580,55,101,264
24.666990002674837,579,56,101,264
24.695552379483253,578,57,101,264
24.706345170116187,578,57,100,265
24.721970537602992,577,58,100,265
24.72399350982052,577,58,99,266
24.734601407198337,577,58,98,267
24.782435175870088,577,58,97,268
24.788810449032443,576,59,97,268
24.794884305989108,575,60,97,268
24.800780286977922,575,60,96,269
24.806301377753652,575,59,97,269
24.831048004338726,575,59,96,270
24.856098243392385,575,59,95,271
24.857897569176604,574,60,95,271
24.859344208094896,574,59,96,271
24.867919028114365,574,59,95,272
24.87335633874804,574,58,96,272
24.876920520412913,574,57,97,272
24.87858740451197,574,56,98,272
24.902867601578677,574,56,97,273
24.91356689134545,574,56,96,274
24.941357910011664,573,57,96,274
24.944099296225165,573,56,97,274
24.948184113107253,573,55,98,274
24.95218844018535,573,55,97,275
25.00068151581979,573,55,96,276
25.01047029713844,572,56,96,276
25.026498673834354,571,57,96,276
25.03017984544382,571,57,95,277
25.043065422318243,571,57,94,278
25.04878945012398,571,56,95,278
25.063243013636637,571,56,94,279
25.06539636213107,571,56,93,280
25.069642895389954,570,57,93,280
25.084231853086948,570,57,92,281
25.115566525815694,569,58,92,281
25.132506623898994,569,57,93,281
25.137313629702522,568,58,93,281
25.144070533053736,568,58,92,282
25.167202416639142,568,57,93,282
25.17012265627861,568,56,94,282
25.191449468427173,568,55,95,282
25.19966029311586,568,55,94,283
25.221884543444524,568,55,93,284
25.257175933057976,567,56,93,284
25.25769584195154,566,57,93,284
25.28190801365109,566,57,92,285
25.28610227235163,566,57,91,286
25.33174890876184,565,58,91,286
25.33219822769181,565,57,92,286
25.336915489695592,564,58,92,286
25.340302708009446,564,57,93,286
25.342212139196487,564,56,94,286
25.351518523226083,564,55,95,286
25.361165922584465,563,56,95,286
25.372527255202936,562,57,95,286
25.3807684430264,561,58,95,286
25.381576736667856,560,59,95,286
25.389628888313812,560,58,96,286
25.400865584978447,560,58,95,287
25.403938818050623,560,57,96,287
25.40793814624864,559,58,96,287
25.41283857979084,558,59,96,287
25.423806286664767,558,58,97,287
25.436297042366245,558,57,98,287
25.45508678740737,558,57,97,288
25.46769289381756,558,57,96,289
25.48096171281917,557,58,96,289
25.4841013567709,557,58,95,290
25.55562418216251,556,59,95,290
25.57508209258624,556,59,94,291
25.57857261223257,556,59,93,292
25.59991288932191,556,58,94,292
25.601979768392862,556,57,95,292
25.614066816098017,555,58,95,292
25.620797666528638,555,58,94,293
25.625341749333888,555,57,95,293
25.642313261547994,555,56,96,293
25.673289432235514,555,55,97,293
25.67960797516381,555,54,98,293
25.68203089244667,554,55,98,293
25.699812041586238,554,55,97,294
25.713572915829726,554,55,96,295
25.723781066271997,554,55,95,296
25.75136274056693,553,56,95,296
25.761149508122276,553,55,96,296
25.761678882454355,552,56,96,296
25.765109542779392,552,56,95,297
25.785114041624542,552,56,94,298
25.79067224398532,552,56,93,299
25.80497084428697,552,56,92,300
25.80821142804463,552,56,91,301
25.823730362199434,551,57,91,301
25.836512631041657,550,58,91,301
25.86485824124507,549,59,91,301
25.87126258413206,549,58,92,301
25.874972491952448,549,58,91,302
25.899388888045113,549,58,90,303
25.929489734718302,549,58,89,304
25.930133365848803,548,59,89,304
25.94138992547043,548,59,88,305
25.9557231768732,548,59,87,306
25.956698280547393,547,60,87,306
25.96396762143293,547,60,86,307
25.970154550593733,547,59,87,307
26.00351928061382,547,58,88,307
26.029786608294753,547,58,87,308
26.05632631945457,547,57,88,308
26.05661724169929,547,57,87,309
26.074624624863368,547,56,88,309
26.076450774975267,546,57,88,309
26.08890864383568,546,56,89,309
26.100517587331883,546,55,90,309
26.143099166479093,546,55,89,310
26.149093154626545,545,56,89,310
26.1719584655023,544,57,89,310
26.178161422445157,544,57,88,311
26.187710803953543,544,56,89,311
26.19303487907394,544,55,90,311
26.199204466189265,543,56,90,311
26.224569771426474,543,56,89,312
26.25701342458127,543,56,88,313
26.257351170715218,542,57,88,313
26.257900065353155,542,57,87,314
26.286155092521774,542,56,88,314
26.307990268562584,541,57,88,314
26.31611866757136,540,58,88,314
26.3427403556856,540,57,89,314
26.351624182758005,540,57,88,315
26.38885670097207,540,56,89,315
26.401419667329435,540,56,88,316
26.411293533392524,539,57,88,316
26.43570355873081,539,57,87,317
26.444596114451006,539,57,86,318
26.4469327679129,539,57,85,319
26.470397587507513,539,57,84,320
26.48438673451578,539,56,85,320
26.48677628613361,538,57,85,320
26.503673021879063,538,56,86,320
26.53065779752338,537,57,86,320
26.573915811144698,536,58,86,320
26.592555528062412,536,58,85,321
26.656201772664804,536,57,86,321
26.659188908874096,536,56,87,321
26.66598428720319,535,57,87,321
26.69460550794394,534,58,87,321
26.707496124774902,533,59,87,321
26.716076358107617,533,59,86,322
26.75017387590546,533,59,85,323
26.75261403520401,532,60,85,323
26.770822901231377,532,59,86,323
26.790229333230755,532,59,85,324
26.805663568483144,532,58,86,324
26.82589751954092,532,58,85,325
26.835698494147117,532,57,86,325
26.838478326621804,532,57,85,326
26.862339260339127,531,58,85,326
26.87431028643795,531,58,84,327
26.89036270452526,530,59,84,327
26.978511290178428,529,60,84,327
26.990637321643185,529,60,83,328
26.99665696573686,529,59,84,328
26.999588274125827,528,60,84,328
27.008298939813606,528,59,85,328
27.028703077262026,528,59,84,329
27.030670661252078,527,60,84,329
27.039471459759092,527,60,83,330
27.04483977826749,527,60,82,331
27.056694825210727,527,60,81,332
27.0814619950346,527,59,82,332
27.126061905588532,527,58,83,332
27.12996739339804,527,58,82,333
27.13111630455414,527,58,81,334
27.14371899493136,527,58,80,335
27.15347866527764,527,57,81,335
27.168473729466584,527,56,82,335
27.17929840811013,526,57,82,335
27.266318623093177,526,56,83,335
27.273180862474632,526,55,84,335
27.29527600516237,525,56,84,335
27.2969443075816,525,56,83,336
27.30575623498051,525,55,84,336
27.305902894383635,525,55,83,337
27.31727294628441,525,54,84,337
27.340711232075204,525,53,85,337
27.34161624159061,524,54,85,337
27.355146939947684,523,55,85,337
27.362913326404684,522,56,85,337
27.371206401016003,522,55,86,337
27.37255484314931,522,55,85,338
27.372828180177212,521,56,85,338
27.376037788714136,521,55,86,338
27.378635267415774,520,56,86,338
27.425881746949976,519,57,86,338
27.526219386478605,518,58,86,338
27.53292833047453,518,58,85,339
27.543344670353505,518,57,86,339
27.57670996734194,518,57,85,340
27.57862265650621,518,56,86,340
27.599929973231717,518,56,85,341
27.601687350936857,518,55,86,341
27.608853391071516,518,54,87,341
27.61888961329797,517,55,87,341
27.628662357248132,517,54,88,341
27.635730728223507,517,53,89,341
27.644480071687195,516,54,89,341
27.651017891661297,515,55,89,341
27.662965009863807,515,54,90,341
27.66914533341422,514,55,90,341
27.68962668384878,514,55,89,342
27.701132855205458,513,56,89,342
27.71098370171858,513,55,90,342
27.714407879046185,513,54,91,342
27.731741986232354,513,53,92,342
27.73506460976056,512,54,92,342
27.75238906455771,512,53,93,342
27.759625969289228,511,54,93,342
27.760724852721864,510,55,93,342
27.76938945537975,509,56,93,342
27.771901058645817,509,56,92,343
27.79204087435138,508,57,92,343
27.79255026611299,508,56,93,343
27.805318231419797,508,55,94,343
27.81648774712584,508,55,93,344
27.830423556291716,507,56,93,344
27.830816892328397,507,55,94,344
27.84678094858173,507,54,95,344
27.900056985472595,507,54,94,345
27.90128134395754,507,54,93,346
27.90928802164138,507,54,92,347
27.91570839450103,507,54,91,348
27.918636006367485,507,53,92,348
27.922694653662848,507,52,93,348
27.930072293447253,506,53,93,348
27.93669607571832,506,53,92,349
27.94616715982881,506,53,91,350
27.98003211341691,506,52,92,350
27.984223998633762,505,53,92,350
27.98465351997162,505,52,93,350
28.01759142997583,505,52,92,351
28.029347435017474,505,52,91,352
28.03412956160837,505,52,90,353
28.0777268969472,504,53,90,353
28.08557711393998,504,52,91,353
28.100444991270958,504,51,92,353
28.106523054017636,504,50,93,353
28.12357699076451,503,51,93,353
28.132243878317755,503,50,94,353
28.145898866552216,502,51,94,353
28.147128005379358,502,50,95,353
28.173893133649244,501,51,95,353
28.174642749139874,501,51,94,354
28.183219699231927,500,52,94,354
28.205012284751884,499,53,94,354
28.22634789761876,499,53,93,355
28.227612991577274,498,54,93,355
28.228370174878656,498,53,94,355
28.231439323527823,498,53,93,356
28.234300059938647,497,54,93,356
28.23670392886179,496,55,93,356
28.240170291505,496,54,94,356
28.24095733761966,496,54,93,357
28.24595000432837,496,53,94,357
28.27599703621298,496,53,93,358
28.28339714770494,496,52,94,358
28.30198739007375,495,53,94,358
28.31008056210916,495,53,93,359
28.322005110512467,495,52,94,359
28.32893625325525,494,53,94,359
28.33945818439022,494,53,93,360
28.348234184168287,494,52,94,360
28.367807775084934,494,52,93,361
28.39602909239723,493,53,93,361
28.402329503874093,492,54,93,361
28.412208484019306,492,53,94,361
28.413057026868866,492,52,95,361
28.414995102433032,492,52,94,362
28.420139072613118,491,53,94,362
28.499965832993585,491,53,93,363
28.50222383708599,490,54,93,363
28.505170328767782,490,53,94,363
28.56595383338776,490,53,93,364
28.57535673837956,490,53,92,365
28.593289249201092,490,52,93,365
28.61590826817651,490,52,92,366
28.648624002928685,490,51,93,366
28.65401710219384,490,50,94,366
28.65796297656741,490,50,93,367
28.65991816200826,490,49,94,367
28.668082386586885,490,49,93,368
28.677411594594684,489,50,93,368
28.682575995002658,488,51,93,368
28.68589346421455,488,51,92,369
28.696038275143767,488,50,93,369
28.706827221901804,488,50,92,370
28.733960741950856,487,51,92,370
28.761190512390613,487,50,93,370
28.788261722873013,486,51,93,370
28.795169921654757,485,52,93,370
28.800961206313126,485,51,94,370
28.801030692411267,485,51,93,371
28.847989685691626,485,50,94,371
28.863803335277872,484,51,94,371
28.908392089672954,484,50,95,371
28.90968874120564,484,50,94,372
28.934598119372083,484,50,93,373
28.967353541404727,484,50,92,374
28.969013686784457,484,50,91,375
28.96920775768766,484,50,90,376
28.99415599276297,483,51,90,376
29.001127750538775,482,52,90,376
29.016763090509045,482,52,89,377
29.02120933851881,482,52,88,378
29.0495927723263,482,51,89,378
29.056713432530167,481,52,89,378
29.058314465393224,481,52,88,379
29.068083672135113,480,53,88,379
29.071704870539943,479,54,88,379
29.072130704778743,479,53,89,379
29.087688967495446,479,52,90,379
29.091974833471486,479,51,91,379
29.099771855658524,478,52,91,379
29.100022495963984,478,51,92,379
29.104955000430238,477,52,92,379
29.10717237060656,476,53,92,379
29.110241135078695,475,54,92,379
29.127710164235136,474,55,92,379
29.15070215621248,473,56,92,379
29.151162191499786,472,57,92,379
29.160846858659955,472,56,93,379
29.173243836622962,472,55,94,379
29.17935211631075,471,56,94,379
29.190406033982836,471,56,93,380
29.25504547786541,470,57,93,380
29.256829036541646,469,58,93,380
29.260758827974694,469,58,92,381
29.280979849677536,468,59,92,381
29.288562447904923,467,60,92,381
29.290911546510724,467,60,91,382
29.3014128374504,467,59,92,382
29.325366779439122,466,60,92,382
29.370232792879676,465,61,92,382
29.375667678264517,464,62,92,382
29.376772327379154,464,62,91,383
29.382557646535016,464,61,92,383
29.428245603183417,464,60,93,383
29.43786714272173,464,59,94,383
29.454054058698635,463,60,94,383
29.47906552684248,462,61,94,383
29.485236838142157,462,61,93,384
29.49313808219957,462,61,92,385
29.505068947400368,462,60,93,385
29.525490253429084,461,61,93,385
29.56719139926507,460,62,93,385
29.589462388335672,460,62,92,386
29.591882694949366,460,62,91,387
29.593844190305006,460,61,92,387
29.608477013422103,460,61,91,388
29.669572848464124,460,61,90,389
29.67130726453977,460,61,89,390
29.686649023283977,460,60,90,390
29.72037498049463,460,59,91,390
29.728209988298055,460,58,92,390
29.736879159698464,459,59,92,390
29.739089368986974,458,60,92,390
29.750330483164525,458,59,93,390
29.756179502246727,458,59,92,391
29.772756742117373,457,60,92,391
29.782472367090932,456,61,92,391
29.806731876838214,456,61,91,392
29.8168817515226,456,60,92,392
29.821941729884994,455,61,92,392
29.82301351265891,455,60,93,392
29.824758408128687,455,60,92,393
29.839865470235207,454,61,92,393
29.88628260569573,453,62,92,393
29.88820512668879,453,61,93,393
29.898140739319384,453,60,94,393
29.918103634012198,453,60,93,394
29.922199344690636,452,61,93,394
29.92797149063608,452,61,92,395
29.945547121704237,452,61,91,396
29.985664041741437,451,62,91,396
30.02583186381084,451,61,92,396
30.02602744907709,451,61,91,397
30.064973633546686,451,60,92,397
30.065375710606517,451,59,93,397
30.081201981269338,451,59,92,398
30.081695267587865,451,58,93,398
30.104534386662912,451,58,92,399
30.11094385044421,451,57,93,399
30.12334865135729,450,58,93,399
30.125425822234,450,57,94,399
30.127999915019,449,58,94,399
30.139006301984104,449,58,93,400
30.14873396838954,449,58,92,401
30.153958499226235,449,58,91,402
30.18311546920115,449,57,92,402
30.220270719604617,449,57,91,403
30.238058537449113,449,56,92,403
30.252732959703724,449,56,91,404
30.268151467659088,449,55,92,404
30.270235595539432,449,55,91,405
30.27752394215307,449,54,92,405
30.279816509172495,449,53,93,405
30.313938434286374,449,52,94,405
30.31805272027066,448,53,94,405
30.326181796821047,448,53,93,406
30.3275981015315,448,52,94,406
30.338263306544885,448,51,95,406
30.345638686940298,448,51,94,407
30.360058161073365,448,50,95,407
30.361899881384467,448,50,94,408
30.40176066295089,447,51,94,408
30.422107114411233,446,52,94,408
30.424205604468266,446,51,95,408
30.437337990645695,446,51,94,409
30.441896250936992,446,50,95,409
30.453674597313746,446,49,96,409
30.51022755898053,446,48,97,409
30.515639843945294,446,48,96,410
30.523927583890217,446,47,97,410
30.538497309685813,446,46,98,410
30.550877320175466,446,46,97,411
30.565142149543597,446,45,98,411
30.570313149057405,446,45,97,412
30.57234804378978,446,44,98,412
30.57281691729645,445,45,98,412
30.58707116977726,445,45,97,413
30.59106457276541,444,46,97,413
30.59394462379326,443,47,97,413
30.59809194074076,443,47,96,414
30.634019398073903,443,46,97,414
30.639375465786948,443,45,98,414
30.645006933540394,443,45,97,415
30.64667398565304,443,45,96,416
30.65368144619009,442,46,96,416
30.661174043082177,441,47,96,416
30.664473878926707,441,46,97,416
30.680675534411012,440,47,97,416
30.683082107513403,440,46,98,416
30.694822862867923,440,45,99,416
30.7109948930768,440,44,100,416
30.74123452434466,439,45,100,416
30.742360296214606,439,45,99,417
30.754798221449935,438,46,99,417
30.756095880037154,437,47,99,417
30.757018429665145,437,46,100,417
30.778280663064393,436,47,100,417
30.806208910557107,435,48,100,417
30.815984190002997,435,48,99,418
30.832417976768,434,49,99,418
30.842392661231884,434,48,100,418
30.84495251417215,434,47,101,418
30.851163890470435,434,46,102,418
30.860944301701302,434,46,101,419
30.866917887242447,434,46,100,420
30.86958898763813,434,45,101,420
30.89848346392153,434,44,102,420
30.913425638171386,433,45,102,420
30.92072013781577,433,45,101,421
30.93395752330632,433,45,100,422
30.94251989075386,433,44,101,422
30.944760786660645,432,45,101,422
30.975652381801254,432,45,100,423
31.02811117649324,432,44,101,423
31.03184227170807,431,45,101,423
31.048827155302433,431,44,102,423
31.063404027331195,431,43,103,423
31.07235126272623,431,42,104,423
31.077999792673353,431,42,103,424
31.082327599079765,431,42,102,425
31.083785691839854,430,43,102,425
31.101092543523066,430,43,101,426
31.102406750475605,430,42,102,426
31.10275145752447,430,41,103,426
31.136804909125008,429,42,103,426
31.17502330485426,429,41,104,426
31.192377616486272,428,42,104,426
31.21031997959519,428,41,105,426
31.23073232086967,427,42,105,426
31.242057506872335,427,41,106,426
31.24999307087128,427,40,107,426
31.270706056464764,426,41,107,426
31.27840396948099,426,40,108,426
31.28890274633076,426,39,109,426
31.295906771267177,426,38,110,426
31.31954438500643,426,38,109,427
31.325565590515414,426,38,108,428
31.3400012307684,426,38,107,429
31.348891891815754,426,38,106,430
31.36465819720399,426,37,107,430
31.37392233601122,425,38,107,430
31.397555958046944,425,38,106,431
31.409839735914716,425,38,105,432
31.433236594679414,425,38,104,433
31.433252502052305,424,39,104,433
31.45695377821277,424,39,103,434
31.478310752766706,424,39,102,435
31.51627764265073,424,38,103,435
31.532207457369772,424,38,102,436
31.544113686178278,424,38,101,437
31.554103143211663,424,38,100,438
31.564712673898697,424,38,99,439
31.584834511689,424,38,98,440
31.634753703842822,424,37,99,440
31.662568884110403,424,36,100,440
31.674744709803612,424,36,99,441
31.698014728454293,424,35,100,441
31.69984091215528,424,34,101,441
31.706743736702936,424,33,102,441
31.710170413624734,424,33,101,442
31.71039490211661,424,33,100,443
31.71411314559909,424,32,101,443
31.74327450950357,424,31,102,443
31.77405781754297,424,31,101,444
31.795110422791176,423,32,101,444
31.810112931155174,423,32,100,445
31.859137011172063,423,32,99,446
31.862709404135654,423,31,100,446
31.873478362684033,423,30,101,446
31.91313870915749,423,29,102,446
31.916006169599516,423,28,103,446
31.917112970112758,423,28,102,447
31.926520843535044,422,29,102,447
31.93913129356535,421,30,102,447
31.941700084871766,421,30,101,448
31.993232354721858,421,29,102,448
31.997697933430324,421,29,101,449
32.0154577250629,421,29,100,450
32.01621422071198,420,30,100,450
32.020741379723844,419,31,100,450
32.02619069992559,418,32,100,450
32.026857112971925,418,31,101,450
32.07627327930245,417,32,101,450
32.09616131607532,416,33,101,450
32.11248383979174,416,33,100,451
32.11253315485147,416,33,99,452
32.122406741182076,416,33,98,453
32.12271988407122,416,33,97,454
32.124601911839214,415,34,97,454
32.12786842008234,415,34,96,455
32.129506522377156,415,34,95,456
32.140105449935746,414,35,95,456
32.147407170225634,413,36,95,456
32.150227198219746,413,36,94,457
32.16090272877619,413,36,93,458
32.17010635910394,413,36,92,459
32.195868070959484,412,37,92,459
32.20428665769206,412,37,91,460
32.22156474200792,412,37,90,461
32.2305775226081,412,36,91,461
32.285523771990576,411,37,91,461
32.29962273836587,411,37,90,462
32.305627457995904,411,36,91,462
32.32947746877787,410,37,91,462
32.33113854379423,409,38,91,462
32.379879581377324,409,37,92,462
32.38668463592879,408,38,92,462
32.41862531725654,407,39,92,462
32.41880775540473,407,39,91,463
32.42218657142177,407,39,90,464
32.440749996217015,406,40,90,464
32.48193845239948,405,41,90,464
32.482141712057604,405,40,91,464
32.49781101442602,405,39,92,464
32.505608658339305,404,40,92,464
32.57934301620503,403,41,92,464
32.58931232713067,402,42,92,464
32.59067314719266,401,43,92,464
32.61204532717822,401,43,91,465
32.63607067880529,401,42,92,465
32.64670400465711,401,42,91,466
32.648667989560984,400,43,91,466
32.64976322316975,400,42,92,466
32.67543815641273,400,42,91,467
32.67752802620458,400,41,92,467
32.70394224578995,400,41,91,468
32.7128546786021,399,42,91,468
32.80269941054358,399,42,90,469
32.81099821261097,399,41,91,469
32.811150857690365,399,40,92,469
32.83111375332595,399,39,93,469
32.87684330977635,399,39,92,470
32.89536558158071,399,38,93,470
32.89956853574342,399,38,92,471
32.90183043847959,399,37,93,471
32.912031630831734,399,36,94,471
32.92781428711925,399,36,93,472
32.93783988218863,399,35,94,472
32.948237697604135,399,35,93,473
32.96313188480166,399,35,92,474
32.96522508896254,398,36,92,474
32.97429817829822,397,37,92,474
33.00000282401761,397,37,91,475
33.02197335433499,397,37,90,476
33.0413973614356,396,38,90,476
33.05307274493778,396,37,91,476
33.06106125217169,395,38,91,476
33.06702276463855,395,38,90,477
33.092048813822885,395,37,91,477
33.09341124677098,394,38,91,477
33.11320411458897,394,38,90,478
33.117915993946,394,37,91,478
33.16552180966508,394,37,90,479
33.16815464447936,394,37,89,480
33.16982112490898,394,37,88,481
33.17891672303524,394,36,89,481
33.20258532317547,394,36,88,482
33.22894861910847,394,36,87,483
33.237452848524924,394,35,88,483
33.25074427853424,393,36,88,483
33.262198542798636,393,35,89,483
33.2649552216521,393,35,88,484
33.29250315949346,393,34,89,484
33.30351578089428,393,34,88,485
33.35544876578355,392,35,88,485
33.357863753078874,392,34,89,485
33.36157474125649,392,33,90,485
33.37228189733078,392,32,91,485
33.38783756324487,392,32,90,486
33.397801263518815,391,33,90,486
33.416579693283396,391,33,89,487
33.44355047050649,391,32,90,487
33.451934806290026,391,31,91,487
33.49094823636821,390,32,91,487
33.52862329117684,390,32,90,488
33.53166176617281,390,31,91,488
33.537472746204735,389,32,91,488
33.5651788796173,389,32,90,489
33.59157044686585,389,32,89,490
33.60518523604805,389,32,88,491
33.61392607936848,389,31,89,491
33.63107302846815,389,30,90,491
33.64314456787381,389,29,91,491
33.69033216853814,388,30,91,491
33.69361840763527,388,30,90,492
33.73356257530803,388,30,89,493
33.73423683870199,387,31,89,493
33.75875164798745,386,32,89,493
33.818310874022565,386,32,88,494
33.82246605814963,386,31,89,494
33.83127136368057,386,30,90,494
33.840171794008064,386,29,91,494
33.840940872764776,385,30,91,494
33.85554524362693,385,29,92,494
33.88377154201957,384,30,92,494
33.927053186531424,384,30,91,495
33.93108629488752,384,29,92,495
33.94529677392472,384,29,91,496
33.95959045365263,384,29,90,497
33.99827457781457,383,30,90,497
33.99849016674497,383,30,89,498
34.032204356496564,383,30,88,499
34.03596505916063,383,29,89,499
34.06040148394334,383,29,88,500
34.069809454451054,382,30,88,500
34.092214890288425,382,29,89,500
34.113673301157604,382,28,90,500
34.14708355496863,381,29,90,500
34.186034409176024,380,30,90,500
34.196280558780785,380,30,89,501
34.198347076980426,380,30,88,502
34.20541577316142,380,29,89,502
34.242117923095165,380,28,90,502
34.279271420581374,380,28,89,503
34.28365327282641,379,29,89,503
34.294414052405685,379,29,88,504
34.307589472504574,379,29,87,505
34.31015090225924,379,28,88,505
34.33337794878585,378,29,88,505
34.33597582772824,378,29,87,506
34.33736022220671,377,30,87,506
34.35672797734286,376,31,87,506
34.36659831958881,376,31,86,507
34.36836858993073,376,31,85,508
34.37644152219946,376,30,86,508
34.41276390415164,376,30,85,509
34.46914661936887,376,30,84,510
34.4744907915803,375,31,84,510
34.498001332221186,374,32,84,510
34.49840526830471,374,31,85,510
34.50082363655444,374,31,84,511
34.50433649130118,374,31,83,512
34.5145782273727,374,31,82,513
34.51570441565297,374,30,83,513
34.55524126000042,373,31,83,513
34.595028405632746,373,31,82,514
34.60347439571826,373,31,81,515
34.627421606449445,373,30,82,515
34.63364691288063,372,31,82,515
34.63411781714185,372,31,81,516
34.64869670461456,372,30,82,516
34.65072650377297,371,31,82,516
34.69053792253413,371,30,83,516
34.69134753608836,370,31,83,516
34.69481132704406,370,30,84,516
34.714024111093735,370,30,83,517
34.73000594722991,370,30,82,518
34.731259722014265,370,29,83,518
34.73229557181121,370,29,82,519
34.75695531326597,370,29,81,520
34.770725877467775,370,28,82,520
34.78232737245587,370,28,81,521
34.78936918426487,370,28,80,522
34.80767853068857,370,28,79,523
34.822789824044705,370,28,78,524
34.82343400137923,369,29,78,524
34.83619247151055,369,29,77,525
34.844807304664954,369,29,76,526
34.85919913129536,369,29,75,527
34.8695354115239,369,29,74,528
34.880445430947844,368,30,74,528
34.88531861393544,368,29,75,528
34.890361941630594,367,30,75,528
34.914643089419656,367,30,74,529
34.92358816394071,367,30,73,530
34.92369654001989,366,31,73,530
34.975350486166434,366,31,72,531
35.01634692943529,366,30,73,531
35.07939743618401,366,30,72,532
35.131318270252606,366,30,71,533
35.133425365505325,365,31,71,533
35.152517738864546,365,31,70,534
35.15867359434631,365,31,69,535
35.166522443283114,365,30,70,535
35.18480621588264,365,30,69,536
35.211940848294425,365,29,70,536
35.21353716672419,365,29,69,537
35.224254578065405,364,30,69,537
35.22581635312576,363,31,69,537
35.25209153669569,363,30,70,537
35.274460415147864,362,31,70,537
35.28801632938268,361,32,70,537
35.323820846856236,361,31,71,537
35.34083514010581,361,31,70,538
35.35201899145064,361,31,69,539
35.388753773724936,361,30,70,539
35.409705637669674,361,30,69,540
35.44702775628563,361,30,68,541
35.44853993906005,360,31,68,541
35.47920614693573,360,30,69,541
35.53732096122793,360,30,68,542
35.62032844320312,360,30,67,543
35.626015686469586,360,30,66,544
35.63267907404851,360,29,67,544
35.65245790388116,360,28,68,544
35.6772081840781,360,27,69,544
35.702335391634946,360,27,68,545
35.72422242383347,360,27,67,546
35.73905555482436,359,28,67,546
35.75873499086335,358,29,67,546
35.79184959640038,358,28,68,546
35.80081063816899,357,29,68,546
35.810279533744115,357,29,67,547
35.82645263674638,357,28,68,547
35.82801644452869,357,28,67,548
35.84532047086968,356,29,67,548
35.95394795987791,355,30,67,548
35.96894017358868,354,31,67,548
36.09656933262291,353,32,67,548
36.10898583140217,353,31,68,548
36.10958441806364,352,32,68,548
36.139531593716406,352,31,69,548
36.15402516896252,352,31,68,549
36.157526837861234,351,32,68,549
36.196365244884305,351,32,67,550
36.29567463764533,351,31,68,550
36.302581376439036,351,30,69,550
36.305076843639895,350,31,69,550
36.32752939525558,350,30,70,550
36.35358644667655,350,30,69,551
36.36042569514503,350,29,70,551
36.36158904902131,350,28,71,551
36.370901322465535,350,27,72,551
36.37318835914203,350,27,71,552
36.376655982759296,349,28,71,552
36.40506363456155,348,29,71,552
36.42541884444084,347,30,71,552
36.457266583126064,347,30,70,553
36.46480542646591,347,30,69,554
36.47525877657479,347,30,68,555
36.49743419992701,347,30,67,556
36.51382196324085,347,30,66,557
36.52511527818529,346,31,66,557
36.53647025825135,345,32,66,557
36.59879037832856,345,31,67,557
36.607555870945134,345,30,68,557
36.61315699195553,345,29,69,557
36.64690114421461,345,29,68,558
36.659422289978565,345,29,67,559
36.69801106580872,345,28,68,559
36.75024782960909,345,28,67,560
36.76217422601056,345,27,68,560
36.76969571899871,344,28,68,560
36.77004664878929,344,28,67,561
36.771386239646375,344,28,66,562
36.815205160954626,344,27,67,562
36.84896637368265,343,28,67,562
36.8504915470394,343,28,66,563
36.876948083399355,342,29,66,563
36.913600565611944,342,29,65,564
36.91731395537554,342,29,64,565
36.93588284953841,342,28,65,565
36.94386487242839,342,28,64,566
36.97613209874132,342,28,63,567
36.986958407676255,342,28,62,568
37.00434264526422,342,28,61,569
37.00634419851946,341,29,61,569
37.01269657447547,340,30,61,569
37.02188902674667,340,30,60,570
37.03752037670438,340,29,61,570
37.06020502483747,340,29,60,571
37.067372851887114,340,29,59,572
37.07427521568415,340,29,58,573
37.07872001119115,340,28,59,573
37.11477354492897,340,28,58,574
37.124986882811086,340,27,59,574
37.125783997138484,340,26,60,574
37.18257375361903,340,25,61,574
37.2618734644471,340,25,60,575
37.29527337639544,340,25,59,576
37.34879472174679,340,25,58,577
37.36388994584284,340,25,57,578
37.43662593025168,340,24,58,578
37.498511757379326,339,25,58,578
37.5129946876082,339,24,59,578
37.62092314117296,339,24,58,579
37.70830411174376,339,23,59,579
37.73505720828486,339,23,58,580
37.78727227147126,339,23,57,581
37.81968902997173,338,24,57,581
37.838541807065376,338,24,56,582
37.845652917224896,338,23,57,582
37.871512938325175,338,23,56,583
37.883426632097745,338,22,57,583
37.93062543885765,338,22,56,584
37.95239238226872,337,23,56,584
37.99962301751951,337,22,57,584
38.033314784196385,336,23,57,584
38.05141733015464,335,24,57,584
38.0525096461573,335,24,56,585
38.06398959409583,335,24,55,586
38.0660147115241,335,23,56,586
38.076582884604484,335,23,55,587
38.130774076470026,334,24,55,587
38.15390900771898,333,25,55,587
38.17379787817213,333,25,54,588
38.18969507135566,333,25,53,589
38.25348048288676,332,26,53,589
38.28229022848502,332,25,54,589
38.29396489726696,332,25,53,590
38.29404754997609,331,26,53,590
38.32286524851097,331,26,52,591
38.32866469535531,331,25,53,591
38.32893789522939,331,24,54,591
38.409456800938976,331,24,53,592
38.43609727293851,331,24,52,593
38.502089649510765,330,25,52,593
38.51296720352666,330,24,53,593
38.56547153487449,330,23,54,593
38.57050138980541,330,23,53,594
38.62813260242734,330,23,52,595
38.646259466756064,330,22,53,595
38.662802986578825,329,23,53,595
38.6865641900953,329,23,52,596
38.69685779777137,329,23,51,597
38.70765129154818,329,22,52,597
38.72047766888061,329,21,53,597
38.73428502255492,329,20,54,597
38.800521869760956,329,20,53,598
38.82828761147715,329,20,52,599
38.855503180949924,329,20,51,600
38.93089877993428,328,21,51,600
38.93106857653027,327,22,51,600
38.96090841286262,327,22,50,601
38.98773702578279,327,22,49,602
38.98873373723127,326,23,49,602
38.98900050446224,325,24,49,602
39.014727337040924,325,23,50,602
39.02280873195727,325,23,49,603
39.05052801833671,324,24,49,603
39.133304823300676,324,24,48,604
39.16152996709246,324,24,47,605
39.22264935233833,324,24,46,606
39.2369360175239,323,25,46,606
39.26646054432321,323,24,47,606
39.4232976658181,323,24,46,607
39.42849649550901,323,23,47,607
39.470854350563584,322,24,47,607
39.48319017893574,322,23,48,607
39.51341106284914,322,22,49,607
39.515552157211516,321,23,49,607
39.52081068982884,321,23,48,608
39.55102945034704,320,24,48,608
39.584890886177725,320,23,49,608
39.59300595535578,319,24,49,608
39.616550893816715,319,23,50,608
39.6168380906628,319,23,49,609
39.70902732555624,319,22,50,609
39.718548129156446,319,22,49,610
39.78204587745872,319,22,48,611
39.84929583852139,318,23,48,611
